Név;Dátum;Utolsó ár
BUX;2017. január 2.;32099.053584
BUX;2017. január 3.;32169.130248
BUX;2017. január 4.;32649.042273
BUX;2017. január 5.;32749.996822
BUX;2017. január 6.;32855.865533
BUX;2017. január 9.;32854.25949
BUX;2017. január 10.;33031.534712
BUX;2017. január 11.;32972.200465
BUX;2017. január 12.;32966.422232
BUX;2017. január 13.;32949.771999
BUX;2017. január 16.;32996.943142
BUX;2017. január 17.;32782.255919
BUX;2017. január 18.;32841.253496
BUX;2017. január 19.;32709.083509
BUX;2017. január 20.;32881.920343
BUX;2017. január 23.;32906.47716
BUX;2017. január 24.;32690.234953
BUX;2017. január 25.;32807.714317
BUX;2017. január 26.;32918.465067
BUX;2017. január 27.;32714.578766
BUX;2017. január 30.;32476.712688
BUX;2017. január 31.;32481.293983
BUX;2017. február 1.;32584.177108
BUX;2017. február 2.;32575.161192
BUX;2017. február 3.;32905.890418
BUX;2017. február 6.;32388.911331
BUX;2017. február 7.;32539.533828
BUX;2017. február 8.;32595.916129
BUX;2017. február 9.;32949.082691
BUX;2017. február 10.;33156.086848
BUX;2017. február 13.;33356.193864
BUX;2017. február 14.;33724.518066
BUX;2017. február 15.;33981.500428
BUX;2017. február 16.;33745.023495
BUX;2017. február 17.;33828.856727
BUX;2017. február 20.;33973.591956
BUX;2017. február 21.;34324.987186
BUX;2017. február 22.;34112.890141
BUX;2017. február 23.;33548.541005
BUX;2017. február 24.;32886.032767
BUX;2017. február 27.;32872.112839
BUX;2017. február 28.;32061.327192
BUX;2017. március 1.;33343.051688
BUX;2017. március 2.;33155.186638
BUX;2017. március 3.;33193.806079
BUX;2017. március 6.;33181.490056
BUX;2017. március 7.;32442.199093
BUX;2017. március 8.;32547.368736
BUX;2017. március 9.;32986.857421
BUX;2017. március 10.;32727.243005
BUX;2017. március 13.;32686.299158
BUX;2017. március 14.;32636.1765
BUX;2017. március 16.;33049.440984
BUX;2017. március 17.;32778.000869
BUX;2017. március 20.;32357.877691
BUX;2017. március 21.;32044.127615
BUX;2017. március 22.;31827.129201
BUX;2017. március 23.;32127.885968
BUX;2017. március 24.;32097.090775
BUX;2017. március 27.;31876.219486
BUX;2017. március 28.;32294.030047
BUX;2017. március 29.;32232.947843
BUX;2017. március 30.;32144.672832
BUX;2017. március 31.;31634.264205
BUX;2017. április 3.;31788.401837
BUX;2017. április 4.;31951.943804
BUX;2017. április 5.;32405.131987
BUX;2017. április 6.;32553.528265
BUX;2017. április 7.;32600.342059
BUX;2017. április 10.;32468.295858
BUX;2017. április 11.;32199.151725
BUX;2017. április 12.;32409.943829
BUX;2017. április 13.;32622.403595
BUX;2017. április 18.;32521.579407
BUX;2017. április 19.;32688.094371
BUX;2017. április 20.;32955.020673
BUX;2017. április 21.;32969.438027
BUX;2017. április 24.;33226.463256
BUX;2017. április 25.;33519.073616
BUX;2017. április 26.;33198.934194
BUX;2017. április 27.;32959.618676
BUX;2017. április 28.;32956.300552
BUX;2017. május 2.;32902.616304
BUX;2017. május 3.;32077.717186
BUX;2017. május 4.;32289.850368
BUX;2017. május 5.;32864.042109
BUX;2017. május 8.;32844.670711
BUX;2017. május 9.;33509.985224
BUX;2017. május 10.;33666.279914
BUX;2017. május 11.;33858.880842
BUX;2017. május 12.;34435.531597
BUX;2017. május 15.;34462.022466
BUX;2017. május 16.;34078.468694
BUX;2017. május 17.;34146.487564
BUX;2017. május 18.;34528.85063
BUX;2017. május 19.;34835.798119
BUX;2017. május 22.;34875.750133
BUX;2017. május 23.;34730.940456
BUX;2017. május 24.;34251.206552
BUX;2017. május 25.;34349.107892
BUX;2017. május 26.;34358.933829
BUX;2017. május 29.;34138.105781
BUX;2017. május 30.;34321.141046
BUX;2017. május 31.;34551.902073
BUX;2017. június 1.;34762.464979
BUX;2017. június 2.;35150.438452
BUX;2017. június 6.;34926.993561
BUX;2017. június 7.;35021.751489
BUX;2017. június 8.;35270.945664
BUX;2017. június 9.;35411.005229
BUX;2017. június 12.;35334.476877
BUX;2017. június 13.;35588.701625
BUX;2017. június 14.;35985.8228
BUX;2017. június 15.;35534.500796
BUX;2017. június 16.;35512.470308
BUX;2017. június 19.;35948.411671
BUX;2017. június 20.;35989.688342
BUX;2017. június 21.;35945.226687
BUX;2017. június 22.;35779.269063
BUX;2017. június 23.;35599.50913
BUX;2017. június 26.;35739.108785
BUX;2017. június 27.;35645.770584
BUX;2017. június 28.;35455.968092
BUX;2017. június 29.;35130.27287
BUX;2017. június 30.;35205.424874
BUX;2017. július 3.;34780.879823
BUX;2017. július 4.;34889.564202
BUX;2017. július 5.;35298.135763
BUX;2017. július 6.;35615.000956
BUX;2017. július 7.;35503.685592
BUX;2017. július 10.;35724.916812
BUX;2017. július 11.;35749.571054
BUX;2017. július 12.;35872.464809
BUX;2017. július 13.;36143.36916
BUX;2017. július 14.;35915.417889
BUX;2017. július 17.;36140.653747
BUX;2017. július 18.;35904.219484
BUX;2017. július 19.;35789.27757
BUX;2017. július 20.;35424.340948
BUX;2017. július 21.;35633.911451
BUX;2017. július 24.;35362.832353
BUX;2017. július 25.;35286.140612
BUX;2017. július 26.;35564.90424
BUX;2017. július 27.;35828.695126
BUX;2017. július 28.;35750.651145
BUX;2017. július 31.;35769.873453
BUX;2017. augusztus 1.;35786.524415
BUX;2017. augusztus 2.;36041.130941
BUX;2017. augusztus 3.;36416.07494
BUX;2017. augusztus 4.;36678.215695
BUX;2017. augusztus 7.;36941.603048
BUX;2017. augusztus 8.;36771.269276
BUX;2017. augusztus 9.;36578.469999
BUX;2017. augusztus 10.;36821.437603
BUX;2017. augusztus 11.;36812.236555
BUX;2017. augusztus 14.;36803.024046
BUX;2017. augusztus 15.;36775.936593
BUX;2017. augusztus 16.;36892.087099
BUX;2017. augusztus 17.;37187.288741
BUX;2017. augusztus 18.;36969.146037
BUX;2017. augusztus 21.;37097.848807
BUX;2017. augusztus 22.;37622.465265
BUX;2017. augusztus 23.;37753.218955
BUX;2017. augusztus 24.;37954.411801
BUX;2017. augusztus 25.;38011.33215
BUX;2017. augusztus 28.;38097.59164
BUX;2017. augusztus 29.;37639.622443
BUX;2017. augusztus 30.;37903.875096
BUX;2017. augusztus 31.;38092.257806
BUX;2017. szeptember 1.;37719.896829
BUX;2017. szeptember 4.;37465.255267
BUX;2017. szeptember 5.;37736.100773
BUX;2017. szeptember 6.;37878.861159
BUX;2017. szeptember 7.;37783.50774
BUX;2017. szeptember 8.;37596.74984
BUX;2017. szeptember 11.;37895.850285
BUX;2017. szeptember 12.;38076.877144
BUX;2017. szeptember 13.;38119.0872
BUX;2017. szeptember 14.;38243.202174
BUX;2017. szeptember 15.;38325.927822
BUX;2017. szeptember 18.;38387.216196
BUX;2017. szeptember 19.;38176.082864
BUX;2017. szeptember 20.;38108.036703
BUX;2017. szeptember 21.;38109.212192
BUX;2017. szeptember 22.;38178.630541
BUX;2017. szeptember 25.;38107.867192
BUX;2017. szeptember 26.;37319.239156
BUX;2017. szeptember 27.;37244.296022
BUX;2017. szeptember 28.;37191.646814
BUX;2017. szeptember 29.;37290.647755
BUX;2017. október 2.;37751.847492
BUX;2017. október 3.;37908.573835
BUX;2017. október 4.;37923.23591
BUX;2017. október 5.;37876.473119
BUX;2017. október 6.;37941.817458
BUX;2017. október 9.;38008.754487
BUX;2017. október 10.;38031.665565
BUX;2017. október 11.;38453.122981
BUX;2017. október 12.;38772.075882
BUX;2017. október 13.;38894.877926
BUX;2017. október 16.;39119.887559
BUX;2017. október 17.;38909.781953
BUX;2017. október 18.;39081.765754
BUX;2017. október 19.;39098.20729
BUX;2017. október 20.;39132.619232
BUX;2017. október 24.;39411.364531
BUX;2017. október 25.;39840.91793
BUX;2017. október 26.;39889.602006
BUX;2017. október 27.;39667.129663
BUX;2017. október 30.;39881.22406
BUX;2017. október 31.;39611.642316
BUX;2017. november 2.;40149.862222
BUX;2017. november 3.;39762.673767
BUX;2017. november 6.;40115.770911
BUX;2017. november 7.;39809.002351
BUX;2017. november 8.;40122.068176
BUX;2017. november 9.;40273.664692
BUX;2017. november 10.;39435.242872
BUX;2017. november 13.;39253.998967
BUX;2017. november 14.;39140.436611
BUX;2017. november 15.;38615.106819
BUX;2017. november 16.;38982.299922
BUX;2017. november 17.;39279.753339
BUX;2017. november 20.;39359.277288
BUX;2017. november 21.;39554.047946
BUX;2017. november 22.;40131.366228
BUX;2017. november 23.;39962.724017
BUX;2017. november 24.;39709.004104
BUX;2017. november 27.;39424.293202
BUX;2017. november 28.;39242.183686
BUX;2017. november 29.;38819.25505
BUX;2017. november 30.;38673.726863
BUX;2017. december 1.;38188.805615
BUX;2017. december 4.;37805.365204
BUX;2017. december 5.;37558.764139
BUX;2017. december 6.;37591.525958
BUX;2017. december 7.;38348.196137
BUX;2017. december 8.;38232.561084
BUX;2017. december 11.;37575.746274
BUX;2017. december 12.;38018.255516
BUX;2017. december 13.;38228.161707
BUX;2017. december 14.;38616.18593
BUX;2017. december 15.;38657.374053
BUX;2017. december 18.;38744.179007
BUX;2017. december 19.;38807.093912
BUX;2017. december 20.;38846.598044
BUX;2017. december 21.;39140.219286
BUX;2017. december 22.;39027.545701
BUX;2017. december 27.;39190.992326
BUX;2017. december 28.;39178.800481
BUX;2017. december 29.;39377.306104
BUX;2018. január 2.;39443.568095
BUX;2018. január 3.;39604.400064
BUX;2018. január 4.;39850.004241
BUX;2018. január 5.;39995.163954
BUX;2018. január 8.;40104.028366
BUX;2018. január 9.;39869.562333
BUX;2018. január 10.;39651.230149
BUX;2018. január 11.;39772.748797
BUX;2018. január 12.;39877.863461
BUX;2018. január 15.;39579.106161
BUX;2018. január 16.;39684.159589
BUX;2018. január 17.;39543.255197
BUX;2018. január 18.;39663.918828
BUX;2018. január 19.;40021.892515
BUX;2018. január 22.;41002.38815
BUX;2018. január 23.;41516.41304
BUX;2018. január 24.;40979.766656
BUX;2018. január 25.;40431.647332
BUX;2018. január 26.;40785.87462
BUX;2018. január 29.;40500.123029
BUX;2018. január 30.;39926.419434
BUX;2018. január 31.;40188.511823
BUX;2018. február 1.;40238.26927
BUX;2018. február 2.;39951.464441
BUX;2018. február 5.;39769.449881
BUX;2018. február 6.;38806.187469
BUX;2018. február 7.;39698.095017
BUX;2018. február 8.;38875.934903
BUX;2018. február 9.;38320.319102
BUX;2018. február 12.;38287.216768
BUX;2018. február 13.;38387.293322
BUX;2018. február 14.;38454.34548
BUX;2018. február 15.;38522.495161
BUX;2018. február 16.;39138.869664
BUX;2018. február 19.;39006.346738
BUX;2018. február 20.;38667.07582
BUX;2018. február 21.;38971.942427
BUX;2018. február 22.;38643.989161
BUX;2018. február 23.;38240.091526
BUX;2018. február 26.;38620.843274
BUX;2018. február 27.;38462.628197
BUX;2018. február 28.;38112.003323
BUX;2018. március 1.;37767.847284
BUX;2018. március 2.;36939.175411
BUX;2018. március 5.;37119.663872
BUX;2018. március 6.;38008.470016
BUX;2018. március 7.;38186.197236
BUX;2018. március 8.;38670.633411
BUX;2018. március 9.;38411.495804
BUX;2018. március 12.;38822.650729
BUX;2018. március 13.;38663.668305
BUX;2018. március 14.;38891.236085
BUX;2018. március 19.;37689.093559
BUX;2018. március 20.;37954.286052
BUX;2018. március 21.;38236.937435
BUX;2018. március 22.;37350.753506
BUX;2018. március 23.;36940.365165
BUX;2018. március 26.;37087.047045
BUX;2018. március 27.;37300.96376
BUX;2018. március 28.;36783.307307
BUX;2018. március 29.;37258.90257
BUX;2018. április 3.;37867.537958
BUX;2018. április 4.;37275.421187
BUX;2018. április 5.;38065.042425
BUX;2018. április 6.;37962.257434
BUX;2018. április 9.;38306.33651
BUX;2018. április 10.;37882.418888
BUX;2018. április 11.;37971.571932
BUX;2018. április 12.;38330.374146
BUX;2018. április 13.;38351.648253
BUX;2018. április 16.;38296.284932
BUX;2018. április 17.;38154.201224
BUX;2018. április 18.;38766.492381
BUX;2018. április 19.;38663.10416
BUX;2018. április 20.;38122.87066
BUX;2018. április 23.;38123.45101
BUX;2018. április 24.;37892.902226
BUX;2018. április 25.;38049.97251
BUX;2018. április 26.;38265.354819
BUX;2018. április 27.;38295.71599
BUX;2018. május 2.;37969.83722
BUX;2018. május 3.;37660.988785
BUX;2018. május 4.;37916.310745
BUX;2018. május 7.;37541.32731
BUX;2018. május 8.;37164.545796
BUX;2018. május 9.;36588.25772
BUX;2018. május 10.;36740.2112
BUX;2018. május 11.;37644.061435
BUX;2018. május 14.;38602.886682
BUX;2018. május 15.;37663.784072
BUX;2018. május 16.;37574.989985
BUX;2018. május 17.;37538.044567
BUX;2018. május 18.;36770.927232
BUX;2018. május 22.;36400.771592
BUX;2018. május 23.;35456.518065
BUX;2018. május 24.;35892.616744
BUX;2018. május 25.;35758.059512
BUX;2018. május 28.;35373.587386
BUX;2018. május 29.;34883.938969
BUX;2018. május 30.;34837.125814
BUX;2018. május 31.;35356.826181
BUX;2018. június 1.;35952.676046
BUX;2018. június 4.;37194.372093
BUX;2018. június 5.;36677.560541
BUX;2018. június 6.;37157.463596
BUX;2018. június 7.;37401.246283
BUX;2018. június 8.;36738.314795
BUX;2018. június 11.;36606.383877
BUX;2018. június 12.;36348.106149
BUX;2018. június 13.;35868.588914
BUX;2018. június 14.;36654.56674
BUX;2018. június 15.;36038.955569
BUX;2018. június 18.;35505.464588
BUX;2018. június 19.;34972.348181
BUX;2018. június 20.;35383.57374
BUX;2018. június 21.;35049.55211
BUX;2018. június 22.;35396.61803
BUX;2018. június 25.;35064.749081
BUX;2018. június 26.;35352.026295
BUX;2018. június 27.;35587.462012
BUX;2018. június 28.;35258.851817
BUX;2018. június 29.;36127.707505
BUX;2018. július 2.;35867.746288
BUX;2018. július 3.;36204.299329
BUX;2018. július 4.;36600.249393
BUX;2018. július 5.;36335.094354
BUX;2018. július 6.;35775.734306
BUX;2018. július 9.;35676.820786
BUX;2018. július 10.;35403.198095
BUX;2018. július 11.;35063.073081
BUX;2018. július 12.;35485.867684
BUX;2018. július 13.;35641.757174
BUX;2018. július 16.;35267.069201
BUX;2018. július 17.;34751.126953
BUX;2018. július 18.;34720.306685
BUX;2018. július 19.;35117.828737
BUX;2018. július 20.;35186.519195
BUX;2018. július 23.;35141.027275
BUX;2018. július 24.;35049.710015
BUX;2018. július 25.;34963.192987
BUX;2018. július 26.;35624.911595
BUX;2018. július 27.;35943.641802
BUX;2018. július 30.;35931.234045
BUX;2018. július 31.;35742.058049
BUX;2018. augusztus 1.;36207.717326
BUX;2018. augusztus 2.;36035.461362
BUX;2018. augusztus 3.;36760.003741
BUX;2018. augusztus 6.;37259.801218
BUX;2018. augusztus 7.;37087.752742
BUX;2018. augusztus 8.;36954.16426
BUX;2018. augusztus 9.;36844.993176
BUX;2018. augusztus 10.;36171.258245
BUX;2018. augusztus 13.;35693.828284
BUX;2018. augusztus 14.;36006.196276
BUX;2018. augusztus 15.;35826.140737
BUX;2018. augusztus 16.;36472.990046
BUX;2018. augusztus 17.;36436.958714
BUX;2018. augusztus 21.;37007.661886
BUX;2018. augusztus 22.;36365.904344
BUX;2018. augusztus 23.;36186.314547
BUX;2018. augusztus 24.;36192.131765
BUX;2018. augusztus 27.;36685.789803
BUX;2018. augusztus 28.;36818.93111
BUX;2018. augusztus 29.;37234.857678
BUX;2018. augusztus 30.;37225.076139
BUX;2018. augusztus 31.;37233.401602
BUX;2018. szeptember 3.;36971.856413
BUX;2018. szeptember 4.;36968.107046
BUX;2018. szeptember 5.;37135.327913
BUX;2018. szeptember 6.;37241.815511
BUX;2018. szeptember 7.;37189.975773
BUX;2018. szeptember 10.;37202.889371
BUX;2018. szeptember 11.;36371.942623
BUX;2018. szeptember 12.;36104.072826
BUX;2018. szeptember 13.;36156.035457
BUX;2018. szeptember 14.;36269.165767
BUX;2018. szeptember 17.;35819.900389
BUX;2018. szeptember 18.;36110.885356
BUX;2018. szeptember 19.;36386.403449
BUX;2018. szeptember 20.;36134.329465
BUX;2018. szeptember 21.;35783.479584
BUX;2018. szeptember 24.;35786.544999
BUX;2018. szeptember 25.;35868.880146
BUX;2018. szeptember 26.;35996.040877
BUX;2018. szeptember 27.;36471.348227
BUX;2018. szeptember 28.;37171.414155
BUX;2018. október 1.;36883.491769
BUX;2018. október 2.;36876.748285
BUX;2018. október 3.;37212.94497
BUX;2018. október 4.;37146.727337
BUX;2018. október 5.;36945.249625
BUX;2018. október 8.;36768.022858
BUX;2018. október 9.;37109.240931
BUX;2018. október 10.;36821.117213
BUX;2018. október 11.;35904.541792
BUX;2018. október 12.;36347.890165
BUX;2018. október 15.;36564.149549
BUX;2018. október 16.;37445.673463
BUX;2018. október 17.;37399.110456
BUX;2018. október 18.;37485.014647
BUX;2018. október 19.;37185.929248
BUX;2018. október 24.;36452.735668
BUX;2018. október 25.;36617.54194
BUX;2018. október 26.;35937.613544
BUX;2018. október 29.;36110.122384
BUX;2018. október 30.;36444.724934
BUX;2018. október 31.;37155.20613
BUX;2018. november 5.;37794.869699
BUX;2018. november 6.;37666.00074
BUX;2018. november 7.;38197.997237
BUX;2018. november 8.;38713.445604
BUX;2018. november 9.;38586.626778
BUX;2018. november 12.;38108.455459
BUX;2018. november 13.;38252.647278
BUX;2018. november 14.;39115.558172
BUX;2018. november 15.;39070.966594
BUX;2018. november 16.;39328.385846
BUX;2018. november 19.;39323.012303
BUX;2018. november 20.;39058.304467
BUX;2018. november 21.;39431.330292
BUX;2018. november 22.;39489.376177
BUX;2018. november 23.;39379.776143
BUX;2018. november 26.;39598.285987
BUX;2018. november 27.;39601.697739
BUX;2018. november 28.;39656.246318
BUX;2018. november 29.;39861.633883
BUX;2018. november 30.;40109.365846
BUX;2018. december 3.;40579.821769
BUX;2018. december 4.;40945.473846
BUX;2018. december 5.;40670.444729
BUX;2018. december 6.;39747.127212
BUX;2018. december 7.;39384.555814
BUX;2018. december 10.;39238.436
BUX;2018. december 11.;39860.234132
BUX;2018. december 12.;39887.220081
BUX;2018. december 13.;40041.705002
BUX;2018. december 14.;40125.721581
BUX;2018. december 17.;39675.758934
BUX;2018. december 18.;39475.606702
BUX;2018. december 19.;39966.192303
BUX;2018. december 20.;39592.67519
BUX;2018. december 21.;39578.631666
BUX;2018. december 27.;39006.517116
BUX;2018. december 28.;39138.949175
BUX;2019. január 2.;39734.063647
BUX;2019. január 3.;39672.59696
BUX;2019. január 4.;40145.177282
BUX;2019. január 7.;40569.467563
BUX;2019. január 8.;40809.818929
BUX;2019. január 9.;40784.267503
BUX;2019. január 10.;40795.504604
BUX;2019. január 11.;40886.06399
BUX;2019. január 14.;40667.653555
BUX;2019. január 15.;40600.260096
BUX;2019. január 16.;40933.042611
BUX;2019. január 17.;41180.049004
BUX;2019. január 18.;41503.905444
BUX;2019. január 21.;40893.712713
BUX;2019. január 22.;40963.712341
BUX;2019. január 23.;40818.6857
BUX;2019. január 24.;40890.939059
BUX;2019. január 25.;40944.823996
BUX;2019. január 28.;41332.314787
BUX;2019. január 29.;41145.999931
BUX;2019. január 30.;40862.967371
BUX;2019. január 31.;40855.560654
BUX;2019. február 1.;40973.33993
BUX;2019. február 4.;40856.967645
BUX;2019. február 5.;40474.393622
BUX;2019. február 6.;40597.262677
BUX;2019. február 7.;40173.726165
BUX;2019. február 8.;39704.610373
BUX;2019. február 11.;39769.47948
BUX;2019. február 12.;40488.09022
BUX;2019. február 13.;40221.179783
BUX;2019. február 14.;39898.652617
BUX;2019. február 15.;40179.835759
BUX;2019. február 18.;40653.386748
BUX;2019. február 19.;40560.444265
BUX;2019. február 20.;40582.832176
BUX;2019. február 21.;40721.477419
BUX;2019. február 22.;40814.595068
BUX;2019. február 25.;40987.946476
BUX;2019. február 26.;40819.081483
BUX;2019. február 27.;40525.284061
BUX;2019. február 28.;40333.038584
BUX;2019. március 1.;40170.655337
BUX;2019. március 4.;40593.476753
BUX;2019. március 5.;40718.497471
BUX;2019. március 6.;41086.897322
BUX;2019. március 7.;40625.301844
BUX;2019. március 8.;40288.436998
BUX;2019. március 11.;40819.551373
BUX;2019. március 12.;40612.502588
BUX;2019. március 13.;40887.577656
BUX;2019. március 14.;41335.02392
BUX;2019. március 18.;42085.012959
BUX;2019. március 19.;42014.162031
BUX;2019. március 20.;41964.350179
BUX;2019. március 21.;41955.751971
BUX;2019. március 22.;41931.670416
BUX;2019. március 25.;41605.17238
BUX;2019. március 26.;41740.966494
BUX;2019. március 27.;41316.196362
BUX;2019. március 28.;41413.909021
BUX;2019. március 29.;41683.779922
BUX;2019. április 1.;42057.333409
BUX;2019. április 2.;42213.346434
BUX;2019. április 3.;42193.966671
BUX;2019. április 4.;41870.437737
BUX;2019. április 5.;41841.921173
BUX;2019. április 8.;41826.902471
BUX;2019. április 9.;42063.938562
BUX;2019. április 10.;42225.867463
BUX;2019. április 11.;42693.515468
BUX;2019. április 12.;42940.740134
BUX;2019. április 15.;42815.921539
BUX;2019. április 16.;42826.299044
BUX;2019. április 17.;43004.506074
BUX;2019. április 18.;42810.106373
BUX;2019. április 23.;43245.434113
BUX;2019. április 24.;43563.38334
BUX;2019. április 25.;43053.869716
BUX;2019. április 26.;43064.395077
BUX;2019. április 29.;42469.841682
BUX;2019. április 30.;42520.112881
BUX;2019. május 2.;42366.821977
BUX;2019. május 3.;41775.36247
BUX;2019. május 6.;41547.348452
BUX;2019. május 7.;41084.565644
BUX;2019. május 8.;41350.331706
BUX;2019. május 9.;41207.462227
BUX;2019. május 10.;41068.206416
BUX;2019. május 13.;40537.84982
BUX;2019. május 14.;40084.639113
BUX;2019. május 15.;40291.354436
BUX;2019. május 16.;40288.280801
BUX;2019. május 17.;39877.815675
BUX;2019. május 20.;39630.70743
BUX;2019. május 21.;39575.984254
BUX;2019. május 22.;40184.850673
BUX;2019. május 23.;40010.72361
BUX;2019. május 24.;40022.617249
BUX;2019. május 27.;40207.910444
BUX;2019. május 28.;40466.853453
BUX;2019. május 29.;40916.417399
BUX;2019. május 30.;41075.873582
BUX;2019. május 31.;40904.1152
BUX;2019. június 3.;41114.306247
BUX;2019. június 4.;41157.018548
BUX;2019. június 5.;41073.620662
BUX;2019. június 6.;41000.038268
BUX;2019. június 7.;41159.574307
BUX;2019. június 11.;41234.660318
BUX;2019. június 12.;40592.318794
BUX;2019. június 13.;40469.801515
BUX;2019. június 14.;40588.176013
BUX;2019. június 17.;40764.49473
BUX;2019. június 18.;40922.40737
BUX;2019. június 19.;40980.240626
BUX;2019. június 20.;40774.517527
BUX;2019. június 21.;40387.214458
BUX;2019. június 24.;40475.093117
BUX;2019. június 25.;40061.951144
BUX;2019. június 26.;40064.920813
BUX;2019. június 27.;40440.509851
BUX;2019. június 28.;40279.313183
BUX;2019. július 1.;40618.076112
BUX;2019. július 2.;40767.118127
BUX;2019. július 3.;40985.184759
BUX;2019. július 4.;40972.915855
BUX;2019. július 5.;41016.646694
BUX;2019. július 8.;40777.08381
BUX;2019. július 9.;40327.448849
BUX;2019. július 10.;40577.793267
BUX;2019. július 11.;40739.422872
BUX;2019. július 12.;40699.691902
BUX;2019. július 15.;40725.399452
BUX;2019. július 16.;40878.783407
BUX;2019. július 17.;40990.894897
BUX;2019. július 18.;41282.463556
BUX;2019. július 19.;41707.258684
BUX;2019. július 22.;41338.014816
BUX;2019. július 23.;41367.218747
BUX;2019. július 24.;41303.369622
BUX;2019. július 25.;41353.622206
BUX;2019. július 26.;40965.48076
BUX;2019. július 29.;41006.442358
BUX;2019. július 30.;40843.780929
BUX;2019. július 31.;40767.601616
BUX;2019. augusztus 1.;40474.269362
BUX;2019. augusztus 2.;40309.611832
BUX;2019. augusztus 5.;39896.309382
BUX;2019. augusztus 6.;40037.386707
BUX;2019. augusztus 7.;40283.521276
BUX;2019. augusztus 8.;40389.376618
BUX;2019. augusztus 9.;40615.424451
BUX;2019. augusztus 12.;40891.991368
BUX;2019. augusztus 13.;40722.35802
BUX;2019. augusztus 14.;40137.224992
BUX;2019. augusztus 15.;40018.667805
BUX;2019. augusztus 16.;40005.898142
BUX;2019. augusztus 21.;39648.209038
BUX;2019. augusztus 22.;39394.712477
BUX;2019. augusztus 23.;39519.58269
BUX;2019. augusztus 26.;39661.466596
BUX;2019. augusztus 27.;39107.941856
BUX;2019. augusztus 28.;38706.562035
BUX;2019. augusztus 29.;39264.477298
BUX;2019. augusztus 30.;39794.118171
BUX;2019. szeptember 2.;39707.431176
BUX;2019. szeptember 3.;39405.190935
BUX;2019. szeptember 4.;39753.486982
BUX;2019. szeptember 5.;40180.896973
BUX;2019. szeptember 6.;40312.463751
BUX;2019. szeptember 9.;40484.754943
BUX;2019. szeptember 10.;39956.962324
BUX;2019. szeptember 11.;40202.60638
BUX;2019. szeptember 12.;40066.95205
BUX;2019. szeptember 13.;40285.20711
BUX;2019. szeptember 16.;40819.557567
BUX;2019. szeptember 17.;40596.706123
BUX;2019. szeptember 18.;40930.237054
BUX;2019. szeptember 19.;40922.304307
BUX;2019. szeptember 20.;41116.91687
BUX;2019. szeptember 23.;40800.213135
BUX;2019. szeptember 24.;40848.043517
BUX;2019. szeptember 25.;40553.924396
BUX;2019. szeptember 26.;40534.279086
BUX;2019. szeptember 27.;40890.737651
BUX;2019. szeptember 30.;40601.182723
BUX;2019. október 1.;40112.384183
BUX;2019. október 2.;39416.767548
BUX;2019. október 3.;39547.586205
BUX;2019. október 4.;39826.507065
BUX;2019. október 7.;39803.957935
BUX;2019. október 8.;39491.524599
BUX;2019. október 9.;39544.61578
BUX;2019. október 10.;39466.345448
BUX;2019. október 11.;40332.557333
BUX;2019. október 14.;40733.700129
BUX;2019. október 15.;40578.176108
BUX;2019. október 16.;40404.657963
BUX;2019. október 17.;40717.165314
BUX;2019. október 18.;40826.333565
BUX;2019. október 21.;41234.577162
BUX;2019. október 22.;41845.949213
BUX;2019. október 24.;42475.527893
BUX;2019. október 25.;42159.363962
BUX;2019. október 28.;41938.536133
BUX;2019. október 29.;42453.163022
BUX;2019. október 30.;42796.696625
BUX;2019. október 31.;42159.577323
BUX;2019. november 4.;42817.547764
BUX;2019. november 5.;43236.797738
BUX;2019. november 6.;43291.611717
BUX;2019. november 7.;43598.193684
BUX;2019. november 8.;43441.421242
BUX;2019. november 11.;43038.673395
BUX;2019. november 12.;43492.327006
BUX;2019. november 13.;43216.341958
BUX;2019. november 14.;43218.284201
BUX;2019. november 15.;43384.629651
BUX;2019. november 18.;43867.734493
BUX;2019. november 19.;43618.781379
BUX;2019. november 20.;43938.904189
BUX;2019. november 21.;43654.36661
BUX;2019. november 22.;44053.951731
BUX;2019. november 25.;44314.451933
BUX;2019. november 26.;43781.964418
BUX;2019. november 27.;43599.690457
BUX;2019. november 28.;43799.845059
BUX;2019. november 29.;43704.854518
BUX;2019. december 2.;43370.303601
BUX;2019. december 3.;43048.249332
BUX;2019. december 4.;44078.023214
BUX;2019. december 5.;44182.06663
BUX;2019. december 6.;44207.495482
BUX;2019. december 9.;44640.376718
BUX;2019. december 10.;44248.517124
BUX;2019. december 11.;44603.48072
BUX;2019. december 12.;45382.679985
BUX;2019. december 13.;45760.147273
BUX;2019. december 16.;45603.921429
BUX;2019. december 17.;45035.352951
BUX;2019. december 18.;45656.796513
BUX;2019. december 19.;45944.682744
BUX;2019. december 20.;45606.346596
BUX;2019. december 23.;45984.455562
BUX;2019. december 30.;46082.821036
BUX;2020. január 2.;46230.218191
BUX;2020. január 3.;46141.223563
BUX;2020. január 6.;44658.758507
BUX;2020. január 7.;44490.798291
BUX;2020. január 8.;44932.180599
BUX;2020. január 9.;45493.151069
BUX;2020. január 10.;45364.138173
BUX;2020. január 13.;45447.51741
BUX;2020. január 14.;44960.31407
BUX;2020. január 15.;44565.03062
BUX;2020. január 16.;44350.394614
BUX;2020. január 17.;44422.806224
BUX;2020. január 20.;44470.93079
BUX;2020. január 21.;44132.001862
BUX;2020. január 22.;44597.048573
BUX;2020. január 23.;44823.2792
BUX;2020. január 24.;44515.972207
BUX;2020. január 27.;43929.168973
BUX;2020. január 28.;43675.499193
BUX;2020. január 29.;43431.302177
BUX;2020. január 30.;43501.993698
BUX;2020. január 31.;43072.077745
BUX;2020. február 3.;43390.814467
BUX;2020. február 4.;43864.823904
BUX;2020. február 5.;44020.033906
BUX;2020. február 6.;44127.992357
BUX;2020. február 7.;44486.91627
BUX;2020. február 10.;44538.585358
BUX;2020. február 11.;44559.948871
BUX;2020. február 12.;44482.404005
BUX;2020. február 13.;44629.505623
BUX;2020. február 14.;44905.975826
BUX;2020. február 17.;45338.260848
BUX;2020. február 18.;45547.151407
BUX;2020. február 19.;46182.092492
BUX;2020. február 20.;45792.074463
BUX;2020. február 21.;45781.352708
BUX;2020. február 24.;44381.315684
BUX;2020. február 25.;43075.074286
BUX;2020. február 26.;43521.905718
BUX;2020. február 27.;42679.399322
BUX;2020. február 28.;40229.642527
BUX;2020. március 2.;41537.19897
BUX;2020. március 3.;43301.386114
BUX;2020. március 4.;43327.916289
BUX;2020. március 5.;42607.975188
BUX;2020. március 6.;41185.28949
BUX;2020. március 9.;38075.829124
BUX;2020. március 10.;38380.597475
BUX;2020. március 11.;36536.238862
BUX;2020. március 12.;32317.889028
BUX;2020. március 13.;34189.085557
BUX;2020. március 16.;32304.479517
BUX;2020. március 17.;31525.596597
BUX;2020. március 18.;29464.277524
BUX;2020. március 19.;29494.190903
BUX;2020. március 20.;30959.939711
BUX;2020. március 23.;30848.560643
BUX;2020. március 24.;32614.555735
BUX;2020. március 25.;32690.449135
BUX;2020. március 26.;32994.296642
BUX;2020. március 27.;32065.139321
BUX;2020. március 30.;31985.325977
BUX;2020. március 31.;33134.867342
BUX;2020. április 1.;32361.344351
BUX;2020. április 2.;32591.950032
BUX;2020. április 3.;32265.91965
BUX;2020. április 6.;32858.747962
BUX;2020. április 7.;32715.704135
BUX;2020. április 8.;32863.792053
BUX;2020. április 9.;33761.865811
BUX;2020. április 14.;34468.9038
BUX;2020. április 15.;32710.553054
BUX;2020. április 16.;32217.990795
BUX;2020. április 17.;33173.397116
BUX;2020. április 20.;32927.46867
BUX;2020. április 21.;31582.312223
BUX;2020. április 22.;32328.273778
BUX;2020. április 23.;32805.495823
BUX;2020. április 24.;32964.667391
BUX;2020. április 27.;33196.845484
BUX;2020. április 28.;33808.220079
BUX;2020. április 29.;34815.091146
BUX;2020. április 30.;35180.899653
BUX;2020. május 4.;34576.837108
BUX;2020. május 5.;34604.439636
BUX;2020. május 6.;34557.170666
BUX;2020. május 7.;34613.570582
BUX;2020. május 8.;34796.128697
BUX;2020. május 11.;34908.117834
BUX;2020. május 12.;35143.127016
BUX;2020. május 13.;34518.754422
BUX;2020. május 14.;34144.567174
BUX;2020. május 15.;34046.129201
BUX;2020. május 18.;35307.506014
BUX;2020. május 19.;35452.207026
BUX;2020. május 20.;35635.523264
BUX;2020. május 21.;35494.52294
BUX;2020. május 22.;35050.921989
BUX;2020. május 25.;35210.596929
BUX;2020. május 26.;36085.774727
BUX;2020. május 27.;36346.090399
BUX;2020. május 28.;36340.47107
BUX;2020. május 29.;35875.708396
BUX;2020. június 2.;35967.410521
BUX;2020. június 3.;37317.038847
BUX;2020. június 4.;37260.063102
BUX;2020. június 5.;37985.660623
BUX;2020. június 8.;38198.173685
BUX;2020. június 9.;37962.2910134162
BUX;2020. június 10.;37514.793167
BUX;2020. június 11.;36640.642425
BUX;2020. június 12.;37403.565237
BUX;2020. június 15.;37340.838867
BUX;2020. június 16.;38060.733591
BUX;2020. június 17.;37767.717952
BUX;2020. június 18.;37487.456955
BUX;2020. június 19.;37279.81652
BUX;2020. június 22.;37193.114158
BUX;2020. június 23.;37595.825301
BUX;2020. június 24.;37199.463047
BUX;2020. június 25.;37001.937243
BUX;2020. június 26.;36360.43843
BUX;2020. június 29.;36517.168786
BUX;2020. június 30.;35817.882894
BUX;2020. július 1.;35394.543705
BUX;2020. július 2.;36222.581009
BUX;2020. július 3.;35931.519802
BUX;2020. július 6.;36489.418317
BUX;2020. július 7.;35747.705739
BUX;2020. július 8.;35932.386937
BUX;2020. július 9.;35780.395244
BUX;2020. július 10.;35589.597469
BUX;2020. július 13.;35335.864835
BUX;2020. július 14.;35091.721442
BUX;2020. július 15.;35371.884154
BUX;2020. július 16.;35229.084572
BUX;2020. július 17.;35200.880742
BUX;2020. július 20.;35181.691983
BUX;2020. július 21.;35488.151212
BUX;2020. július 22.;35436.391421
BUX;2020. július 23.;35571.718735
BUX;2020. július 24.;35107.968395
BUX;2020. július 27.;34979.40818
BUX;2020. július 28.;34754.080393
BUX;2020. július 29.;34917.012599
BUX;2020. július 30.;34797.241143
BUX;2020. július 31.;34691.744822
BUX;2020. augusztus 3.;34620.249627
BUX;2020. augusztus 4.;34407.202128
BUX;2020. augusztus 5.;35103.391325
BUX;2020. augusztus 6.;35427.820558
BUX;2020. augusztus 7.;35952.53074
BUX;2020. augusztus 10.;36302.77696
BUX;2020. augusztus 11.;36363.825032
BUX;2020. augusztus 12.;36785.275428
BUX;2020. augusztus 13.;36756.82239
BUX;2020. augusztus 14.;36591.829008
BUX;2020. augusztus 17.;36533.571549
BUX;2020. augusztus 18.;36180.737812
BUX;2020. augusztus 19.;36043.56398
BUX;2020. augusztus 24.;35994.832856
BUX;2020. augusztus 25.;35593.66555
BUX;2020. augusztus 26.;35915.81493
BUX;2020. augusztus 27.;35470.361497
BUX;2020. augusztus 28.;34842.508014
BUX;2020. augusztus 31.;34851.290601
BUX;2020. szeptember 1.;34499.901248
BUX;2020. szeptember 2.;34423.703127
BUX;2020. szeptember 3.;34778.202816
BUX;2020. szeptember 4.;34836.817601
BUX;2020. szeptember 7.;35047.87929
BUX;2020. szeptember 8.;35037.611445
BUX;2020. szeptember 9.;35142.744406
BUX;2020. szeptember 10.;34858.026937
BUX;2020. szeptember 11.;34837.988818
BUX;2020. szeptember 14.;35004.236902
BUX;2020. szeptember 15.;34248.860482
BUX;2020. szeptember 16.;34147.588373
BUX;2020. szeptember 17.;33886.78553
BUX;2020. szeptember 18.;33591.509741
BUX;2020. szeptember 21.;32223.202019
BUX;2020. szeptember 22.;32296.741968
BUX;2020. szeptember 23.;32515.391855
BUX;2020. szeptember 24.;31898.005769
BUX;2020. szeptember 25.;31933.257307
BUX;2020. szeptember 28.;33150.261468
BUX;2020. szeptember 29.;32677.723379
BUX;2020. szeptember 30.;32923.527489
BUX;2020. október 1.;33657.705467
BUX;2020. október 2.;33449.842404
BUX;2020. október 5.;33468.105692
BUX;2020. október 6.;33651.551497
BUX;2020. október 7.;33561.052356
BUX;2020. október 8.;33697.938581
BUX;2020. október 9.;33660.439612
BUX;2020. október 12.;33097.014569
BUX;2020. október 13.;33322.710205
BUX;2020. október 14.;33496.67205
BUX;2020. október 15.;33061.274066
BUX;2020. október 16.;33225.149041
BUX;2020. október 19.;33596.793223
BUX;2020. október 20.;33700.781136
BUX;2020. október 21.;33696.731918
BUX;2020. október 22.;33655.096903
BUX;2020. október 26.;33012.624379
BUX;2020. október 27.;32992.690695
BUX;2020. október 28.;32106.77635
BUX;2020. október 29.;32047.678872
BUX;2020. október 30.;32279.165091
BUX;2020. november 2.;33077.545583
BUX;2020. november 3.;33834.427453467695
BUX;2020. november 4.;34774.717295
BUX;2020. november 5.;35264.980113
BUX;2020. november 6.;35390.44149
BUX;2020. november 9.;36524.014189
BUX;2020. november 10.;37366.632541
BUX;2020. november 11.;38045.798828
BUX;2020. november 12.;37712.816201
BUX;2020. november 13.;37335.102619
BUX;2020. november 16.;37414.596393
BUX;2020. november 17.;37470.502211
BUX;2020. november 18.;38361.820108
BUX;2020. november 19.;38163.606575
BUX;2020. november 20.;38204.666884
BUX;2020. november 23.;38319.058698
BUX;2020. november 24.;39046.495538
BUX;2020. november 25.;39035.096087
BUX;2020. november 26.;39023.559675
BUX;2020. november 27.;39308.904355
BUX;2020. november 30.;38782.157484
BUX;2020. december 1.;38751.984798
BUX;2020. december 2.;39191.105489
BUX;2020. december 3.;38705.121448
BUX;2020. december 4.;39227.86794
BUX;2020. december 7.;39198.308027
BUX;2020. december 8.;39655.972211
BUX;2020. december 9.;40675.889376
BUX;2020. december 10.;41103.01131
BUX;2020. december 11.;41263.67266
BUX;2020. december 14.;41967.89065
BUX;2020. december 15.;41894.086923
BUX;2020. december 16.;41911.270998
BUX;2020. december 17.;42088.028365
BUX;2020. december 18.;41614.921028
BUX;2020. december 21.;40483.165235
BUX;2020. december 22.;41049.522032
BUX;2020. december 23.;41197.13687
BUX;2020. december 28.;41528.444426
BUX;2020. december 29.;41733.112345
BUX;2020. december 30.;42047.58596
BUX;2021. január 4.;42333.484428
BUX;2021. január 5.;42434.298672
BUX;2021. január 6.;43085.055373
BUX;2021. január 7.;43900.704598
BUX;2021. január 8.;44393.212704
BUX;2021. január 11.;44715.791832
BUX;2021. január 12.;44246.559968
BUX;2021. január 13.;44684.36091
BUX;2021. január 14.;44876.421049
BUX;2021. január 15.;44204.446938
BUX;2021. január 18.;44755.588709
BUX;2021. január 19.;44609.998833
BUX;2021. január 20.;44103.39937
BUX;2021. január 21.;44250.428833
BUX;2021. január 22.;43630.221166
BUX;2021. január 25.;43188.935919
BUX;2021. január 26.;43507.128267
BUX;2021. január 27.;43077.244388
BUX;2021. január 28.;43552.041249
BUX;2021. január 29.;43517.120642
BUX;2021. február 1.;43703.865474
BUX;2021. február 2.;44101.045287
BUX;2021. február 3.;44016.290992
BUX;2021. február 4.;44226.337276
BUX;2021. február 5.;44045.260279
BUX;2021. február 8.;44215.968523
BUX;2021. február 9.;44511.15673
BUX;2021. február 10.;43950.78002
BUX;2021. február 11.;43676.689758
BUX;2021. február 12.;43389.32704
BUX;2021. február 15.;43823.57082
BUX;2021. február 16.;44941.654005
BUX;2021. február 17.;44416.14746
BUX;2021. február 18.;44046.5606
BUX;2021. február 19.;44069.305213
BUX;2021. február 22.;43457.146298
BUX;2021. február 23.;42945.108203
BUX;2021. február 24.;43183.44776
BUX;2021. február 25.;43999.472894
BUX;2021. február 26.;43790.169367
BUX;2021. március 1.;44710.24834
BUX;2021. március 2.;44402.3258361222
BUX;2021. március 3.;43595.2218193459
BUX;2021. március 4.;42932.6051439855
BUX;2021. március 5.;43268.9958383894
BUX;2021. március 8.;43540.3632243377
BUX;2021. március 9.;43312.6575846266
BUX;2021. március 10.;43579.3902201395
BUX;2021. március 11.;43784.894432129
BUX;2021. március 12.;43711.8414562602
BUX;2021. március 16.;44268.7682451201
BUX;2021. március 17.;43504.4658601497
BUX;2021. március 18.;44465.7496085991
BUX;2021. március 19.;44042.1202241914
BUX;2021. március 22.;43851.957281646
BUX;2021. március 23.;43603.0156507786
BUX;2021. március 24.;44290.240458842
BUX;2021. március 25.;44168.8082325139
BUX;2021. március 26.;44201.2477504354
BUX;2021. március 29.;44617.7311319772
BUX;2021. március 30.;44746.7556834909
BUX;2021. március 31.;44326.1836881112
BUX;2021. április 1.;44242.9286497418
BUX;2021. április 6.;44357.8643782128
BUX;2021. április 7.;44357.6406162394
BUX;2021. április 8.;44194.157967217
BUX;2021. április 9.;43775.4070242016
BUX;2021. április 12.;43267.2493135337
BUX;2021. április 13.;42865.6327867047
BUX;2021. április 14.;42514.9390129811
BUX;2021. április 15.;42626.7103638361
BUX;2021. április 16.;42997.6138137487
BUX;2021. április 19.;42388.0892738849
BUX;2021. április 20.;42597.2613167866
BUX;2021. április 21.;42753.6015618697
BUX;2021. április 22.;42906.4780485479
BUX;2021. április 23.;42772.9522719577
BUX;2021. április 26.;43281.609076392
BUX;2021. április 27.;43357.1875573281
BUX;2021. április 28.;43549.4308720856
BUX;2021. április 29.;43665.4178798831
BUX;2021. április 30.;43183.1966637401
BUX;2021. május 3.;43093.8876820473
BUX;2021. május 4.;44036.1831011969
BUX;2021. május 5.;44142.6979542575
BUX;2021. május 6.;44472.7119290451
BUX;2021. május 7.;44164.370760249
BUX;2021. május 10.;44587.5945745731
BUX;2021. május 11.;44350.6680136103
BUX;2021. május 12.;44160.7126386416
BUX;2021. május 13.;44974.0804720104
BUX;2021. május 14.;45429.1160612112
BUX;2021. május 17.;45862.0127248765
BUX;2021. május 18.;45891.4500981146
BUX;2021. május 19.;45128.5594941199
BUX;2021. május 20.;46261.370333279
BUX;2021. május 21.;46396.8690493446
BUX;2021. május 25.;45765.1533666749
BUX;2021. május 26.;46379.3158597976
BUX;2021. május 27.;45802.6147924616
BUX;2021. május 28.;46233.2874707894
BUX;2021. május 31.;46371.0187763148
BUX;2021. június 1.;46699.7435269643
BUX;2021. június 2.;46736.8873514202
BUX;2021. június 3.;47422.7700884675
BUX;2021. június 4.;48282.1413595855
BUX;2021. június 7.;48255.9008142284
BUX;2021. június 8.;48546.4502151726
BUX;2021. június 9.;48206.5561188665
BUX;2021. június 10.;48475.0651611603
BUX;2021. június 11.;48845.8359846232
BUX;2021. június 14.;49015.2360964558
BUX;2021. június 15.;49299.4817897964
BUX;2021. június 16.;48525.7400910209
BUX;2021. június 17.;48795.6841119319
BUX;2021. június 18.;48117.7231372134
BUX;2021. június 21.;48379.6158620538
BUX;2021. június 22.;48193.1601203547
BUX;2021. június 23.;48624.316109831
BUX;2021. június 24.;48610.3995010691
BUX;2021. június 25.;48461.4671738717
BUX;2021. június 28.;48301.6168438413
BUX;2021. június 29.;47759.6181613852
BUX;2021. június 30.;47238.0896384923
BUX;2021. július 1.;47908.8125148782
BUX;2021. július 2.;47520.4166736532
BUX;2021. július 5.;47423.612328853
BUX;2021. július 6.;47592.4718167801
BUX;2021. július 7.;47574.3741038898
BUX;2021. július 8.;47452.7259249689
BUX;2021. július 9.;48157.5706314307
BUX;2021. július 12.;47804.2642722185
BUX;2021. július 13.;47592.3408086807
BUX;2021. július 14.;47184.6005088856
BUX;2021. július 15.;47677.8240676795
BUX;2021. július 16.;48003.2526621142
BUX;2021. július 19.;47268.489521869
BUX;2021. július 20.;47622.6766997923
BUX;2021. július 21.;47882.5648901472
BUX;2021. július 22.;47756.8756299426
BUX;2021. július 23.;47491.6873194221
BUX;2021. július 26.;46952.76248897
BUX;2021. július 27.;47002.7702448517
BUX;2021. július 28.;47527.5256008523
BUX;2021. július 29.;48286.0609751305
BUX;2021. július 30.;48610.9484266183
BUX;2021. augusztus 2.;49041.1836731408
BUX;2021. augusztus 3.;49315.6144114473
BUX;2021. augusztus 4.;49745.5651802449
BUX;2021. augusztus 5.;49830.2849583127
BUX;2021. augusztus 6.;50050.8845448927
BUX;2021. augusztus 9.;49721.8427225002
BUX;2021. augusztus 10.;49849.7141379458
BUX;2021. augusztus 11.;50317.0953681338
BUX;2021. augusztus 12.;50289.6355820008
BUX;2021. augusztus 13.;50378.64533464
BUX;2021. augusztus 16.;50183.5574434954
BUX;2021. augusztus 17.;51626.6184694428
BUX;2021. augusztus 18.;52288.8747646016
BUX;2021. augusztus 19.;51696.5484949338
BUX;2021. augusztus 23.;52023.1923623187
BUX;2021. augusztus 24.;51633.850508435
BUX;2021. augusztus 25.;51093.7959426538
BUX;2021. augusztus 26.;50640.5110568932
BUX;2021. augusztus 27.;51068.8034669607
BUX;2021. augusztus 30.;51602.5764125413
BUX;2021. augusztus 31.;51969.6689822565
BUX;2021. szeptember 1.;51946.9586520383
BUX;2021. szeptember 2.;51830.2367443708
BUX;2021. szeptember 3.;52255.1145568966
BUX;2021. szeptember 6.;52743.0878421567
BUX;2021. szeptember 7.;52623.9646666888
BUX;2021. szeptember 8.;52514.9390697445
BUX;2021. szeptember 9.;53015.6733665543
BUX;2021. szeptember 10.;52755.6796481901
BUX;2021. szeptember 13.;52922.7243614259
BUX;2021. szeptember 14.;52392.3867916436
BUX;2021. szeptember 15.;52317.9061920069
BUX;2021. szeptember 16.;52331.3147335329
BUX;2021. szeptember 17.;52376.9097761114
BUX;2021. szeptember 20.;50982.1533630704
BUX;2021. szeptember 21.;50815.5623327978
BUX;2021. szeptember 22.;51298.1365156999
BUX;2021. szeptember 23.;51946.8620040184
BUX;2021. szeptember 24.;51453.7065224745
BUX;2021. szeptember 27.;51365.9903535233
BUX;2021. szeptember 28.;51446.2022660859
BUX;2021. szeptember 29.;52004.6038312516
BUX;2021. szeptember 30.;52854.6500568471
BUX;2021. október 1.;53589.8044359992
BUX;2021. október 4.;53234.9420122984
BUX;2021. október 5.;53369.7798108814
BUX;2021. október 6.;53305.1607275465
BUX;2021. október 7.;53844.5860489854
BUX;2021. október 8.;53955.8529263411
BUX;2021. október 11.;54432.5619771299
BUX;2021. október 12.;54648.4283083237
BUX;2021. október 13.;54733.7263690586
BUX;2021. október 14.;55135.9957652188
BUX;2021. október 15.;54764.3350900228
BUX;2021. október 18.;54637.9169136519
BUX;2021. október 19.;54356.8858371563
BUX;2021. október 20.;54393.6260170192
BUX;2021. október 21.;55121.3516161377
BUX;2021. október 22.;55254.3853033463
BUX;2021. október 25.;54867.6167721042
BUX;2021. október 26.;55191.913642989
BUX;2021. október 27.;54780.6534229588
BUX;2021. október 28.;53766.4371665941
BUX;2021. október 29.;54197.7145794156
BUX;2021. november 2.;54548.8978927595
BUX;2021. november 3.;54914.5422096345
BUX;2021. november 4.;55925.578429462
BUX;2021. november 5.;55099.8757884978
BUX;2021. november 8.;54132.1398572555
BUX;2021. november 9.;54099.2680030285
BUX;2021. november 10.;53389.2343459265
BUX;2021. november 11.;53073.3387832727
BUX;2021. november 12.;52306.6718330601
BUX;2021. november 15.;51789.7963284963
BUX;2021. november 16.;51818.4072430491
BUX;2021. november 17.;51549.3627927
BUX;2021. november 18.;51992.3003919925
BUX;2021. november 19.;51472.9071987505
BUX;2021. november 22.;50483.9874797747
BUX;2021. november 23.;51424.264512029
BUX;2021. november 24.;52535.9702835385
BUX;2021. november 25.;52364.3685944345
BUX;2021. november 26.;50961.246181053
BUX;2021. november 29.;51579.664179354
BUX;2021. november 30.;51464.60133052
BUX;2021. december 1.;51860.1866954913
BUX;2021. december 2.;51420.7129605892
BUX;2021. december 3.;50904.9101222425
BUX;2021. december 6.;50723.4156949984
BUX;2021. december 7.;51268.6521414336
BUX;2021. december 8.;51261.6337534744
BUX;2021. december 9.;51262.8179218765
BUX;2021. december 10.;51076.6104623724
BUX;2021. december 13.;50581.2948682962
BUX;2021. december 14.;50152.9954988299
BUX;2021. december 15.;50131.6054836487
BUX;2021. december 16.;50672.471277925
BUX;2021. december 17.;50887.2967650565
BUX;2021. december 20.;50471.13801865
BUX;2021. december 21.;50571.0504828752
BUX;2021. december 22.;49083.5556968082
BUX;2021. december 23.;49762.2425921727
BUX;2021. december 27.;49654.1228588906
BUX;2021. december 28.;49718.1529119137
BUX;2021. december 29.;50342.5720744679
BUX;2021. december 30.;50720.7145266777
BUX;2022. január 3.;51924.6246154994
BUX;2022. január 4.;51785.287012019
BUX;2022. január 5.;52097.3379719483
BUX;2022. január 6.;51668.9607941404
BUX;2022. január 7.;51956.7393652548
BUX;2022. január 10.;52416.0102707242
BUX;2022. január 11.;53599.3601471027
BUX;2022. január 12.;54405.8440436433
BUX;2022. január 13.;53736.1552648171
BUX;2022. január 14.;52675.8999230012
BUX;2022. január 17.;53509.0085932399
BUX;2022. január 18.;52545.6438196123
BUX;2022. január 19.;53121.9024179065
BUX;2022. január 20.;52349.6545401259
BUX;2022. január 21.;52169.8049991516
BUX;2022. január 24.;51325.3447777392
BUX;2022. január 25.;51134.6339717204
BUX;2022. január 26.;51958.7534492411
BUX;2022. január 27.;52866.5558854121
BUX;2022. január 28.;52838.7832257872
BUX;2022. január 31.;53442.2432532969
BUX;2022. február 1.;52959.2689398651
BUX;2022. február 2.;52910.1385974977
BUX;2022. február 3.;52284.640077676
BUX;2022. február 4.;51806.3997004697
BUX;2022. február 7.;52054.6674023242
BUX;2022. február 8.;52861.4812842322
BUX;2022. február 9.;52930.3009675456
BUX;2022. február 10.;52566.7640219922
BUX;2022. február 11.;52141.5764748304
BUX;2022. február 14.;51261.9950366022
BUX;2022. február 15.;51295.3646515409
BUX;2022. február 16.;51756.1935038911
BUX;2022. február 17.;51305.3842037029
BUX;2022. február 18.;50237.1974051458
BUX;2022. február 21.;48470.7192111671
BUX;2022. február 22.;48177.461153618
BUX;2022. február 23.;47762.1442020867
BUX;2022. február 24.;43102.3378741759
BUX;2022. február 25.;45769.1569620948
BUX;2022. február 28.;43731.2528366982
BUX;2022. március 1.;38913.6171550401
BUX;2022. március 2.;39976.1092816754
BUX;2022. március 3.;41651.2605133284
BUX;2022. március 4.;40246.7034439165
BUX;2022. március 7.;39883.2924814663
BUX;2022. március 8.;41515.5026366986
BUX;2022. március 9.;42909.7402960708
BUX;2022. március 10.;42028.3349538362
BUX;2022. március 11.;42905.5485860322
BUX;2022. március 16.;44126.4354273138
BUX;2022. március 17.;44596.5774111125
BUX;2022. március 18.;43935.5595012496
BUX;2022. március 21.;44256.6960899956
BUX;2022. március 22.;44338.4532081232
BUX;2022. március 23.;44612.72989662
BUX;2022. március 24.;43817.6349848438
BUX;2022. március 25.;43983.3834625344
BUX;2022. március 28.;44310.1193383504
BUX;2022. március 29.;46707.5249941625
BUX;2022. március 30.;45890.1799634035
BUX;2022. március 31.;44726.2788739288
BUX;2022. április 1.;45034.7937665079
BUX;2022. április 4.;45397.5233674053
BUX;2022. április 5.;43786.9992588381
BUX;2022. április 6.;41616.2584454055
BUX;2022. április 7.;41807.9668877364
BUX;2022. április 8.;42191.1252372378
BUX;2022. április 11.;41972.8354608374
BUX;2022. április 12.;41766.9633020481
BUX;2022. április 13.;42651.6263635284
BUX;2022. április 14.;42999.387198047
BUX;2022. április 19.;43026.7990537171
BUX;2022. április 20.;43208.4441770862
BUX;2022. április 21.;43265.6581849557
BUX;2022. április 22.;43176.6368829152
BUX;2022. április 25.;42280.3744930401
BUX;2022. április 26.;41848.6584927722
BUX;2022. április 27.;42116.0366507296
BUX;2022. április 28.;43549.190567258
BUX;2022. április 29.;43469.8424237691
BUX;2022. május 2.;42703.3830221666
BUX;2022. május 3.;43592.8686066373
BUX;2022. május 4.;43170.6666232828
BUX;2022. május 5.;42515.3249859641
BUX;2022. május 6.;42108.6298125681
BUX;2022. május 9.;41562.0970873208
BUX;2022. május 10.;40663.4804132725
BUX;2022. május 11.;40929.3477979935
BUX;2022. május 12.;40000.2057605713
BUX;2022. május 13.;41255.7039018218
BUX;2022. május 16.;41248.0176726334
BUX;2022. május 17.;41906.5802558947
BUX;2022. május 18.;42896.5905219158
BUX;2022. május 19.;41473.4536472957
BUX;2022. május 20.;41779.4819888164
BUX;2022. május 23.;43457.5842064953
BUX;2022. május 24.;42978.0912190576
BUX;2022. május 25.;41517.2628982473
BUX;2022. május 26.;39234.1990007962
BUX;2022. május 27.;38644.5664003728
BUX;2022. május 30.;38751.1847716045
BUX;2022. május 31.;39397.4145464635
BUX;2022. június 1.;40512.7728440194
BUX;2022. június 2.;40812.3334817689
BUX;2022. június 3.;41304.3606696574
BUX;2022. június 7.;40330.9065873918
BUX;2022. június 8.;40350.4299369382
BUX;2022. június 9.;39663.1518659779
BUX;2022. június 10.;38950.6653860442
BUX;2022. június 13.;37942.0895298858
BUX;2022. június 14.;38706.2918910245
BUX;2022. június 15.;39318.7074270085
BUX;2022. június 16.;39224.7713690341
BUX;2022. június 17.;39299.7549283693
BUX;2022. június 20.;39691.1159513517
BUX;2022. június 21.;40936.7678678691
BUX;2022. június 22.;40035.7227397416
BUX;2022. június 23.;39613.9987299549
BUX;2022. június 24.;39412.7384997628
BUX;2022. június 27.;39501.8646636515
BUX;2022. június 28.;40481.5109004585
BUX;2022. június 29.;39900.3242455733
BUX;2022. június 30.;39240.5342055569
BUX;2022. július 1.;39331.3323689954
BUX;2022. július 4.;39707.185271406
BUX;2022. július 5.;39256.2575636678
BUX;2022. július 6.;39352.0836143352
BUX;2022. július 7.;39689.2726859748
BUX;2022. július 8.;39846.6387091323
BUX;2022. július 11.;39151.3129426288
BUX;2022. július 12.;38519.6581742251
BUX;2022. július 13.;38902.6210559951
BUX;2022. július 14.;39246.4217661532
BUX;2022. július 15.;39659.2348134774
BUX;2022. július 18.;40355.5107556311
BUX;2022. július 19.;40740.5071517637
BUX;2022. július 20.;41139.3154340007
BUX;2022. július 21.;42030.3123156493
BUX;2022. július 22.;42327.6655596024
BUX;2022. július 25.;41725.2551672052
BUX;2022. július 26.;41174.9920784276
BUX;2022. július 27.;41653.1765869103
BUX;2022. július 28.;41771.126097469
BUX;2022. július 29.;41805.2810932325
BUX;2022. augusztus 1.;42265.2381799698
BUX;2022. augusztus 2.;42182.6577311682
BUX;2022. augusztus 3.;42931.035834522
BUX;2022. augusztus 4.;43332.8294394199
BUX;2022. augusztus 5.;43468.2843308862
BUX;2022. augusztus 8.;44034.8343274894
BUX;2022. augusztus 9.;42733.3915870038
BUX;2022. augusztus 10.;44130.6090378465
BUX;2022. augusztus 11.;44148.9791915034
BUX;2022. augusztus 12.;43662.950422068
BUX;2022. augusztus 15.;43034.1646013827
BUX;2022. augusztus 16.;43528.0836231994
BUX;2022. augusztus 17.;42980.6385706079
BUX;2022. augusztus 18.;43099.469992647
BUX;2022. augusztus 19.;42990.4665269764
BUX;2022. augusztus 22.;42705.3620526255
BUX;2022. augusztus 23.;43004.1435284252
BUX;2022. augusztus 24.;43097.9773859611
BUX;2022. augusztus 25.;43428.425103386
BUX;2022. augusztus 26.;43343.3827564704
BUX;2022. augusztus 29.;42631.8084234212
BUX;2022. augusztus 30.;42362.1674387496
BUX;2022. augusztus 31.;41877.2205170631
BUX;2022. szeptember 1.;41447.5657668589
BUX;2022. szeptember 2.;41941.2693110398
BUX;2022. szeptember 5.;41130.9552514013
BUX;2022. szeptember 6.;40851.2353930938
BUX;2022. szeptember 7.;41292.345758729
BUX;2022. szeptember 8.;40863.9434767118
BUX;2022. szeptember 9.;40910.8052947004
BUX;2022. szeptember 12.;41624.9012764794
BUX;2022. szeptember 13.;41575.5514465022
BUX;2022. szeptember 14.;41178.2448492537
BUX;2022. szeptember 15.;40690.910226683
BUX;2022. szeptember 16.;40057.1835725905
BUX;2022. szeptember 19.;40261.7313651298
BUX;2022. szeptember 20.;39691.4590961202
BUX;2022. szeptember 21.;39241.0696661737
BUX;2022. szeptember 22.;39548.7144448407
BUX;2022. szeptember 23.;38657.4098754697
BUX;2022. szeptember 26.;38528.8587107896
BUX;2022. szeptember 27.;38549.0270988359
BUX;2022. szeptember 28.;37731.2654804486
BUX;2022. szeptember 29.;37035.7900732655
BUX;2022. szeptember 30.;37838.2987091408
BUX;2022. október 3.;38420.3251911773
BUX;2022. október 4.;39911.1962033421
BUX;2022. október 5.;39385.3039632493
BUX;2022. október 6.;39256.294541348
BUX;2022. október 7.;39537.6290179844
BUX;2022. október 10.;39091.4872788472
BUX;2022. október 11.;38718.6812831342
BUX;2022. október 12.;38817.3016381468
BUX;2022. október 13.;38787.9453344703
BUX;2022. október 14.;39603.356675298
BUX;2022. október 17.;39855.5584614794
BUX;2022. október 18.;40910.4353303274
BUX;2022. október 19.;40070.7220078284
BUX;2022. október 20.;40451.1690487223
BUX;2022. október 21.;40431.9653839314
BUX;2022. október 24.;40091.4921503922
BUX;2022. október 25.;40588.8932243836
BUX;2022. október 26.;40553.5641188953
BUX;2022. október 27.;40990.2207976277
BUX;2022. október 28.;41053.7074022356
BUX;2022. november 2.;41414.0496491732
BUX;2022. november 3.;41768.700016044
BUX;2022. november 4.;42629.6842112052
BUX;2022. november 7.;43812.2811337172
BUX;2022. november 8.;43840.5585009845
BUX;2022. november 9.;43973.7727154325
BUX;2022. november 10.;43164.3399985701
BUX;2022. november 11.;43698.3373009313
BUX;2022. november 14.;44157.7057054273
BUX;2022. november 15.;44308.2935075808
BUX;2022. november 16.;44277.830008833
BUX;2022. november 17.;44037.1455238847
BUX;2022. november 18.;44495.1014043686
BUX;2022. november 21.;44592.8971098412
BUX;2022. november 22.;45335.1136808685
BUX;2022. november 23.;44930.5248957428
BUX;2022. november 24.;45276.5894683758
BUX;2022. november 25.;45715.3326601559
BUX;2022. november 28.;45588.7370681555
BUX;2022. november 29.;45780.6246217481
BUX;2022. november 30.;45984.1850360098
BUX;2022. december 1.;46368.3730971436
BUX;2022. december 2.;45804.2929264785
BUX;2022. december 5.;44666.0074560098
BUX;2022. december 6.;45333.6323678023
BUX;2022. december 7.;44614.8795032006
BUX;2022. december 8.;43842.3690856128
BUX;2022. december 9.;44181.997519085
BUX;2022. december 12.;43950.5315631895
BUX;2022. december 13.;44928.0441461587
BUX;2022. december 14.;45084.8860629443
BUX;2022. december 15.;44809.6370460996
BUX;2022. december 16.;45069.1156583628
BUX;2022. december 19.;45270.0430216931
BUX;2022. december 20.;45481.0768925544
BUX;2022. december 21.;45589.2951893739
BUX;2022. december 22.;45538.0555134787
BUX;2022. december 23.;45007.7987535403
BUX;2022. december 27.;44220.75719086
BUX;2022. december 28.;44155.5038543414
BUX;2022. december 29.;44033.2688253223
BUX;2022. december 30.;43793.7599300992
BUX;2023. január 2.;43551.7284114957
BUX;2023. január 3.;44614.9594083392
BUX;2023. január 4.;44937.0127131769
BUX;2023. január 5.;45228.8114516075
BUX;2023. január 6.;45419.7806213725
BUX;2023. január 9.;45832.492496355
BUX;2023. január 10.;46042.1271833884
BUX;2023. január 11.;46277.2726868706
BUX;2023. január 12.;46151.4702944874
BUX;2023. január 13.;46097.8330648885
BUX;2023. január 16.;46621.1323100881
BUX;2023. január 17.;46313.7031254304
BUX;2023. január 18.;46855.5817288796
BUX;2023. január 19.;46691.7993907304
BUX;2023. január 20.;46440.1359098696
BUX;2023. január 23.;46777.2991653095
BUX;2023. január 24.;46901.7557410534
BUX;2023. január 25.;46249.0494602245
BUX;2023. január 26.;46817.9244059147
BUX;2023. január 27.;46645.4134523394
BUX;2023. január 30.;45642.3217366765
BUX;2023. január 31.;45339.1809193315
BUX;2023. február 1.;45209.6957787545
BUX;2023. február 2.;45643.2883782807
BUX;2023. február 3.;45396.3317109568
BUX;2023. február 6.;44793.8459328603
BUX;2023. február 7.;45217.1871690763
BUX;2023. február 8.;45883.2703193372
BUX;2023. február 9.;45936.4585725573
BUX;2023. február 10.;46007.1082780026
BUX;2023. február 13.;46233.4663660348
BUX;2023. február 14.;46386.2215619477
BUX;2023. február 15.;46265.4182000821
BUX;2023. február 16.;46039.3384764189
BUX;2023. február 17.;45626.9229181547
BUX;2023. február 20.;45225.86130778
BUX;2023. február 21.;45092.8924848836
BUX;2023. február 22.;45063.4778400023
BUX;2023. február 23.;45388.9360555636
BUX;2023. február 24.;45268.1098709865
BUX;2023. február 27.;44940.0286053076
BUX;2023. február 28.;44780.0658376586
BUX;2023. március 1.;44631.0295807621
BUX;2023. március 2.;44300.6061392245
BUX;2023. március 3.;44440.481449934
BUX;2023. március 6.;44337.4402633991
BUX;2023. március 7.;43391.0225965305
BUX;2023. március 8.;43161.4324835508
BUX;2023. március 9.;42816.4304776279
BUX;2023. március 10.;43077.6946496476
BUX;2023. március 13.;41797.8076661061
BUX;2023. március 14.;41807.2922150603
BUX;2023. március 16.;40852.8863278162
BUX;2023. március 17.;40771.2428218074
BUX;2023. március 20.;41343.6157338812
BUX;2023. március 21.;42150.5809734386
BUX;2023. március 22.;41962.4518528426
BUX;2023. március 23.;42906.0631768006
BUX;2023. március 24.;41818.9210837378
BUX;2023. március 27.;42096.7182603097
BUX;2023. március 28.;42119.8500928801
BUX;2023. március 29.;42333.8220372421
BUX;2023. március 30.;41603.8228801422
BUX;2023. március 31.;42318.3409881494
BUX;2023. április 3.;42991.442450256
BUX;2023. április 4.;43666.521925653
BUX;2023. április 5.;43878.6594507544
BUX;2023. április 6.;44217.847255929
BUX;2023. április 11.;44408.1152384533
BUX;2023. április 12.;43375.4337806261
BUX;2023. április 13.;42687.2372675407
BUX;2023. április 14.;43285.2320703545
BUX;2023. április 17.;43827.0356120945
BUX;2023. április 18.;43751.603013817
BUX;2023. április 19.;43263.8248470434
BUX;2023. április 20.;43538.9566247745
BUX;2023. április 21.;44100.874050122
BUX;2023. április 24.;43666.9137474893
BUX;2023. április 25.;43476.9153837372
BUX;2023. április 26.;43367.5199586647
BUX;2023. április 27.;44671.8161628214
BUX;2023. április 28.;44822.2103745547
BUX;2023. május 2.;45490.0149483421
BUX;2023. május 3.;46518.2413227068
BUX;2023. május 4.;46322.5036816075
BUX;2023. május 5.;46330.7158950343
BUX;2023. május 8.;46638.6047668155
BUX;2023. május 9.;46741.1465745698
BUX;2023. május 10.;46252.7155537185
BUX;2023. május 11.;46073.9754621983
BUX;2023. május 12.;46044.0328359197
BUX;2023. május 15.;45929.1101847978
BUX;2023. május 16.;45848.1205162123
BUX;2023. május 17.;45859.2989676481
BUX;2023. május 18.;46371.5346101183
BUX;2023. május 19.;46587.3917587843
BUX;2023. május 22.;46562.4508355672
BUX;2023. május 23.;46490.4625260996
BUX;2023. május 24.;46303.666416876
BUX;2023. május 25.;47138.9917078648
BUX;2023. május 26.;47573.3509431075
BUX;2023. május 30.;47515.6827561988
BUX;2023. május 31.;47262.3423957419
BUX;2023. június 1.;46850.1644155455
BUX;2023. június 2.;47869.6078234182
BUX;2023. június 5.;48117.9291739703
BUX;2023. június 6.;48287.2526181046
BUX;2023. június 7.;48800.4499234797
BUX;2023. június 8.;49342.4015800252
BUX;2023. június 9.;49320.696486918
BUX;2023. június 12.;50009.7399393297
BUX;2023. június 13.;49866.7574218445
BUX;2023. június 14.;49959.5734140291
BUX;2023. június 15.;50234.9128025347
BUX;2023. június 16.;50083.9254593434
BUX;2023. június 19.;49586.7129070239
BUX;2023. június 20.;49829.156010492
BUX;2023. június 21.;50120.7919270544
BUX;2023. június 22.;50162.9843073393
BUX;2023. június 23.;50407.8610952549
BUX;2023. június 26.;50087.4141690045
BUX;2023. június 27.;50060.4356802997
BUX;2023. június 28.;50499.4488880732
BUX;2023. június 29.;50616.2465460952
BUX;2023. június 30.;50505.732812852
BUX;2023. július 3.;50351.3992271739
BUX;2023. július 4.;50206.7890520364
BUX;2023. július 5.;50074.404969942
BUX;2023. július 6.;49605.1600181978
BUX;2023. július 7.;49891.9452673817
BUX;2023. július 10.;50118.0418898764
BUX;2023. július 11.;50549.4048065895
BUX;2023. július 12.;51376.250454987
BUX;2023. július 13.;51566.073655275
BUX;2023. július 14.;51854.6521416945
BUX;2023. július 17.;51971.3120186926
BUX;2023. július 18.;52391.6499664425
BUX;2023. július 19.;52662.5936976143
BUX;2023. július 20.;53175.9187439108
BUX;2023. július 21.;53404.1688706858
BUX;2023. július 24.;53550.2470877706
BUX;2023. július 25.;53758.6566662645
BUX;2023. július 26.;53551.2716033618
BUX;2023. július 27.;53235.0325102832
BUX;2023. július 28.;53339.8405343064
BUX;2023. július 31.;53375.9020976301
BUX;2023. augusztus 1.;53823.2343687518
BUX;2023. augusztus 2.;53698.1463022698
BUX;2023. augusztus 3.;53999.231459896
BUX;2023. augusztus 4.;54012.0612900048
BUX;2023. augusztus 7.;54490.5811674999
BUX;2023. augusztus 8.;55076.0811615062
BUX;2023. augusztus 9.;55235.505013951
BUX;2023. augusztus 10.;55825.1029191678
BUX;2023. augusztus 11.;56114.4090735572
BUX;2023. augusztus 14.;55928.7900876399
BUX;2023. augusztus 15.;55404.6700923418
BUX;2023. augusztus 16.;55229.7333956858
BUX;2023. augusztus 17.;56470.0949662927
BUX;2023. augusztus 18.;56232.2135223469
BUX;2023. augusztus 21.;56656.5968796094
BUX;2023. augusztus 22.;57081.1823003048
BUX;2023. augusztus 23.;56926.6197193588
BUX;2023. augusztus 24.;57228.3279949045
BUX;2023. augusztus 25.;56912.4339665395
BUX;2023. augusztus 28.;56787.0468356527
BUX;2023. augusztus 29.;57069.9866469037
BUX;2023. augusztus 30.;56232.1352103935
BUX;2023. augusztus 31.;55775.0214984828
BUX;2023. szeptember 1.;55504.980859234
BUX;2023. szeptember 4.;55663.4991127085
BUX;2023. szeptember 5.;55722.947599596
BUX;2023. szeptember 6.;55884.5375663052
BUX;2023. szeptember 7.;56590.982556476