Név;Dátum;Utolsó ár;Mennyiség
MOL;2017. január 2.;258348;133456.0
MOL;2017. január 3.;260175;412088.0
MOL;2017. január 4.;2648.125;1232368.0
MOL;2017. január 5.;2630.625;996112.0
MOL;2017. január 6.;2623.125;811736.0
MOL;2017. január 9.;2625.0;808808.0
MOL;2017. január 10.;2621.25;890472.0
MOL;2017. január 11.;256522;1068040.0
MOL;2017. január 12.;2625.0;1413728.0
MOL;2017. január 13.;2625.0;628824.0
MOL;2017. január 16.;2625.0;346232.0
MOL;2017. január 17.;2610.0;352536.0
MOL;2017. január 18.;271132;659184.0
MOL;2017. január 19.;2596.875;947760.0
MOL;2017. január 20.;2606.25;484536.0
MOL;2017. január 23.;262001;492992.0
MOL;2017. január 24.;2550.625;841448.0
MOL;2017. január 25.;2533.125;934408.0
MOL;2017. január 26.;240087;352624.0
MOL;2017. január 27.;232782;518656.0
MOL;2017. január 30.;2540.0;798936.0
MOL;2017. január 31.;2531.25;790352.0
MOL;2017. február 1.;225477;963832.0
MOL;2017. február 2.;2500.0;1063464.0
MOL;2017. február 3.;2549.375;711176.0
MOL;2017. február 6.;232782;635192.0
MOL;2017. február 7.;2525.0;863928.0
MOL;2017. február 8.;2526.25;574952.0
MOL;2017. február 9.;2556.25;751960.0
MOL;2017. február 10.;2556.25;587176.0
MOL;2017. február 13.;2556.25;477640.0
MOL;2017. február 14.;2556.875;1324592.0
MOL;2017. február 15.;251044;872744.0
MOL;2017. február 16.;2625.0;1480376.0
MOL;2017. február 17.;2591.25;884504.0
MOL;2017. február 20.;2600.0;134944.0
MOL;2017. február 21.;2645.0;972872.0
MOL;2017. február 22.;2628.125;494448.0
MOL;2017. február 23.;260175;753192.0
MOL;2017. február 24.;2608.125;834552.0
MOL;2017. február 27.;2605.0;378216.0
MOL;2017. február 28.;2493.75;1808544.0
MOL;2017. március 1.;2620.0;1135008.0
MOL;2017. március 2.;247392;1196504.0
MOL;2017. március 3.;251044;395976.0
MOL;2017. március 6.;2598.75;563696.0
MOL;2017. március 7.;2511.25;1100248.0
MOL;2017. március 8.;225477;1231888.0
MOL;2017. március 9.;2595.625;974928.0
MOL;2017. március 10.;2574.375;761040.0
MOL;2017. március 13.;2581.25;569432.0
MOL;2017. március 14.;262001;2733520.0
MOL;2017. március 16.;2621.875;885208.0
MOL;2017. március 17.;2625.0;1309912.0
MOL;2017. március 20.;2600.0;328968.0
MOL;2017. március 21.;2545.0;1387920.0
MOL;2017. március 22.;241913;788808.0
MOL;2017. március 23.;2575.625;521400.0
MOL;2017. március 24.;2553.75;259008.0
MOL;2017. március 27.;2528.125;431304.0
MOL;2017. március 28.;2535.625;492728.0
MOL;2017. március 29.;2525.0;630648.0
MOL;2017. március 30.;2526.875;6885040.0
MOL;2017. március 31.;2475.0;5925032.0
MOL;2017. április 3.;223651;2299144.0
MOL;2017. április 4.;2525.0;6351904.0
MOL;2017. április 5.;240087;3149768.0
MOL;2017. április 6.;2575.0;1631528.0
MOL;2017. április 7.;2593.125;2104128.0
MOL;2017. április 10.;2613.75;2326784.0
MOL;2017. április 11.;2608.125;4014168.0
MOL;2017. április 12.;2613.125;1008848.0
MOL;2017. április 13.;269306;926912.0
MOL;2017. április 18.;2625.0;856040.0
MOL;2017. április 19.;2636.25;1109608.0
MOL;2017. április 20.;2668.75;3023880.0
MOL;2017. április 21.;2656.25;847304.0
MOL;2017. április 24.;2675.0;996560.0
MOL;2017. április 25.;2690.625;888504.0
MOL;2017. április 26.;2706.25;1477368.0
MOL;2017. április 27.;2714.375;1013144.0
MOL;2017. április 28.;2706.25;830168.0
MOL;2017. május 2.;283916;1387632.0
MOL;2017. május 3.;267480;2453648.0
MOL;2017. május 4.;2669.375;2221384.0
MOL;2017. május 5.;305830;1847392.0
MOL;2017. május 8.;2751.25;1176896.0
MOL;2017. május 9.;305830;1312056.0
MOL;2017. május 10.;2743.75;1311168.0
MOL;2017. május 11.;2788.75;1622472.0
MOL;2017. május 12.;2868.75;2119280.0
MOL;2017. május 15.;2850.0;636928.0
MOL;2017. május 16.;2818.75;753920.0
MOL;2017. május 17.;311309;657816.0
MOL;2017. május 18.;2809.375;848088.0
MOL;2017. május 19.;2791.25;664288.0
MOL;2017. május 22.;2793.75;1072576.0
MOL;2017. május 23.;2761.25;598752.0
MOL;2017. május 24.;2736.875;933120.0
MOL;2017. május 25.;320440;908672.0
MOL;2017. május 26.;2761.25;402880.0
MOL;2017. május 29.;2765.625;251616.0
MOL;2017. május 30.;2745.625;537832.0
MOL;2017. május 31.;2789.375;2554304.0
MOL;2017. június 1.;2788.75;608880.0
MOL;2017. június 2.;2796.25;608832.0
MOL;2017. június 6.;2771.25;399960.0
MOL;2017. június 7.;2766.25;815024.0
MOL;2017. június 8.;2786.25;1039240.0
MOL;2017. június 9.;324092;396992.0
MOL;2017. június 12.;324092;559376.0
MOL;2017. június 13.;2788.125;636248.0
MOL;2017. június 14.;2754.375;1185176.0
MOL;2017. június 15.;296699;780160.0
MOL;2017. június 16.;2688.125;2371568.0
MOL;2017. június 19.;2751.875;605368.0
MOL;2017. június 20.;2756.25;553472.0
MOL;2017. június 21.;2724.375;666944.0
MOL;2017. június 22.;2726.25;424392.0
MOL;2017. június 23.;2716.25;429608.0
MOL;2017. június 26.;2725.625;282856.0
MOL;2017. június 27.;2671.25;965864.0
MOL;2017. június 28.;2639.375;990424.0
MOL;2017. június 29.;2635.625;507808.0
MOL;2017. június 30.;2653.125;789800.0
MOL;2017. július 3.;2593.125;828336.0
MOL;2017. július 4.;2595.0;525232.0
MOL;2017. július 5.;267480;641680.0
MOL;2017. július 6.;2663.125;759552.0
MOL;2017. július 7.;2648.125;391680.0
MOL;2017. július 10.;2636.875;448240.0
MOL;2017. július 11.;278437;274160.0
MOL;2017. július 12.;2685.625;865792.0
MOL;2017. július 13.;2748.125;1031872.0
MOL;2017. július 14.;2708.125;557328.0
MOL;2017. július 17.;2744.375;611968.0
MOL;2017. július 18.;302177;459232.0
MOL;2017. július 19.;293046;365608.0
MOL;2017. július 20.;2711.875;491232.0
MOL;2017. július 21.;2698.125;526592.0
MOL;2017. július 24.;2694.375;327072.0
MOL;2017. július 25.;2678.75;498864.0
MOL;2017. július 26.;2725.0;391528.0
MOL;2017. július 27.;2743.125;333472.0
MOL;2017. július 28.;314961;579224.0
MOL;2017. július 31.;2778.75;801088.0
MOL;2017. augusztus 1.;2781.875;601304.0
MOL;2017. augusztus 2.;324092;533864.0
MOL;2017. augusztus 3.;340529;902648.0
MOL;2017. augusztus 4.;2918.75;2096768.0
MOL;2017. augusztus 7.;2950.0;861048.0
MOL;2017. augusztus 8.;2950.0;758208.0
MOL;2017. augusztus 9.;2906.25;659944.0
MOL;2017. augusztus 10.;2935.0;642752.0
MOL;2017. augusztus 11.;369748;643376.0
MOL;2017. augusztus 14.;2913.75;402344.0
MOL;2017. augusztus 15.;2868.125;474000.0
MOL;2017. augusztus 16.;2884.375;499416.0
MOL;2017. augusztus 17.;2919.375;454000.0
MOL;2017. augusztus 18.;2893.75;265912.0
MOL;2017. augusztus 21.;2908.75;164632.0
MOL;2017. augusztus 22.;373400;459376.0
MOL;2017. augusztus 23.;2943.75;581896.0
MOL;2017. augusztus 24.;2969.375;1174560.0
MOL;2017. augusztus 25.;2980.0;317784.0
MOL;2017. augusztus 28.;2973.125;345920.0
MOL;2017. augusztus 29.;2903.125;1164304.0
MOL;2017. augusztus 30.;377053;623712.0
MOL;2017. augusztus 31.;393489;922576.0
MOL;2017. szeptember 1.;386184;419912.0
MOL;2017. szeptember 4.;2924.375;476048.0
MOL;2017. szeptember 5.;2946.875;316136.0
MOL;2017. szeptember 6.;2953.125;282288.0
MOL;2017. szeptember 7.;2975.0;681424.0
MOL;2017. szeptember 8.;378879;351824.0
MOL;2017. szeptember 11.;393489;483136.0
MOL;2017. szeptember 12.;397141;542192.0
MOL;2017. szeptember 13.;3008.125;912808.0
MOL;2017. szeptember 14.;3031.875;657488.0
MOL;2017. szeptember 15.;3063.75;1214768.0
MOL;2017. szeptember 18.;3038.75;390800.0
MOL;2017. szeptember 19.;3065.0;355288.0
MOL;2017. szeptember 20.;3061.25;247376.0
MOL;2017. szeptember 21.;3048.75;514064.0
MOL;2017. szeptember 22.;3053.75;324432.0
MOL;2017. szeptember 25.;3057.0;449616.0
MOL;2017. szeptember 26.;3039.0;750250.0
MOL;2017. szeptember 27.;3060.0;619545.0
MOL;2017. szeptember 28.;2980.0;1024463.0
MOL;2017. szeptember 29.;3000.0;710895.0
MOL;2017. október 2.;3010.0;488046.0
MOL;2017. október 3.;3022.0;386627.0
MOL;2017. október 4.;2990.0;764985.0
MOL;2017. október 5.;2980.0;578209.0
MOL;2017. október 6.;2962.0;854013.0
MOL;2017. október 9.;2990.0;524845.0
MOL;2017. október 10.;3006.0;819234.0
MOL;2017. október 11.;3020.0;974658.0
MOL;2017. október 12.;3100.0;980168.0
MOL;2017. október 13.;3172.0;1132384.0
MOL;2017. október 16.;3186.0;584216.0
MOL;2017. október 17.;3128.0;525591.0
MOL;2017. október 18.;3141.0;383789.0
MOL;2017. október 19.;3199.0;606584.0
MOL;2017. október 20.;3195.0;292818.0
MOL;2017. október 24.;3183.0;420618.0
MOL;2017. október 25.;3240.0;906283.0
MOL;2017. október 26.;3252.0;491698.0
MOL;2017. október 27.;3211.0;856171.0
MOL;2017. október 30.;3245.0;378355.0
MOL;2017. október 31.;3201.0;834702.0
MOL;2017. november 2.;3300.0;1201780.0
MOL;2017. november 3.;3170.0;1502925.0
MOL;2017. november 6.;3226.0;932832.0
MOL;2017. november 7.;3220.0;566000.0
MOL;2017. november 8.;3290.0;839624.0
MOL;2017. november 9.;3328.0;1392865.0
MOL;2017. november 10.;3268.0;681092.0
MOL;2017. november 13.;3191.0;442549.0
MOL;2017. november 14.;3152.0;826735.0
MOL;2017. november 15.;3068.0;744121.0
MOL;2017. november 16.;3125.0;1054558.0
MOL;2017. november 17.;3199.0;617008.0
MOL;2017. november 20.;3210.0;302708.0
MOL;2017. november 21.;3221.0;389335.0
MOL;2017. november 22.;3280.0;560510.0
MOL;2017. november 23.;3237.0;111208.0
MOL;2017. november 24.;3189.0;402046.0
MOL;2017. november 27.;3150.0;439282.0
MOL;2017. november 28.;3121.0;462394.0
MOL;2017. november 29.;3083.0;548148.0
MOL;2017. november 30.;3050.0;1436276.0
MOL;2017. december 1.;2981.0;819847.0
MOL;2017. december 4.;2994.0;630174.0
MOL;2017. december 5.;2930.0;721565.0
MOL;2017. december 6.;2930.0;768727.0
MOL;2017. december 7.;3017.0;560567.0
MOL;2017. december 8.;3051.0;373634.0
MOL;2017. december 11.;2925.0;731138.0
MOL;2017. december 12.;2935.0;1178386.0
MOL;2017. december 13.;2987.0;656710.0
MOL;2017. december 14.;3049.0;709772.0
MOL;2017. december 15.;3010.0;1565370.0
MOL;2017. december 18.;2950.0;453374.0
MOL;2017. december 19.;2975.0;455274.0
MOL;2017. december 20.;2971.0;350073.0
MOL;2017. december 21.;2970.0;302633.0
MOL;2017. december 22.;2975.0;180871.0
MOL;2017. december 27.;3010.0;204776.0
MOL;2017. december 28.;2968.0;430390.0
MOL;2017. december 29.;3005.0;409518.0
MOL;2018. január 2.;3028.0;325321.0
MOL;2018. január 3.;3046.0;367700.0
MOL;2018. január 4.;3062.0;803478.0
MOL;2018. január 5.;3080.0;572254.0
MOL;2018. január 8.;3090.0;765612.0
MOL;2018. január 9.;3082.0;630403.0
MOL;2018. január 10.;3030.0;476137.0
MOL;2018. január 11.;3024.0;1064446.0
MOL;2018. január 12.;3044.0;449189.0
MOL;2018. január 15.;3016.0;178137.0
MOL;2018. január 16.;3010.0;751771.0
MOL;2018. január 17.;3016.0;462801.0
MOL;2018. január 18.;3034.0;398689.0
MOL;2018. január 19.;3098.0;759042.0
MOL;2018. január 22.;3196.0;884067.0
MOL;2018. január 23.;3200.0;602201.0
MOL;2018. január 24.;3170.0;817011.0
MOL;2018. január 25.;3112.0;757679.0
MOL;2018. január 26.;3138.0;357102.0
MOL;2018. január 29.;3100.0;277548.0
MOL;2018. január 30.;3036.0;1061255.0
MOL;2018. január 31.;3054.0;765589.0
MOL;2018. február 1.;3080.0;749618.0
MOL;2018. február 2.;3040.0;723315.0
MOL;2018. február 5.;3030.0;904606.0
MOL;2018. február 6.;2950.0;1255304.0
MOL;2018. február 7.;2982.0;1118893.0
MOL;2018. február 8.;2890.0;1323972.0
MOL;2018. február 9.;2858.0;1035195.0
MOL;2018. február 12.;2904.0;635855.0
MOL;2018. február 13.;2896.0;461529.0
MOL;2018. február 14.;2898.0;522580.0
MOL;2018. február 15.;2868.0;623177.0
MOL;2018. február 16.;2868.0;354900.0
MOL;2018. február 19.;2896.0;352018.0
MOL;2018. február 20.;2878.0;890258.0
MOL;2018. február 21.;2844.0;699817.0
MOL;2018. február 22.;2806.0;1153320.0
MOL;2018. február 23.;2770.0;1148998.0
MOL;2018. február 26.;2800.0;518432.0
MOL;2018. február 27.;2832.0;1028342.0
MOL;2018. február 28.;2816.0;939815.0
MOL;2018. március 1.;2808.0;1087364.0
MOL;2018. március 2.;2718.0;1890322.0
MOL;2018. március 5.;2770.0;774151.0
MOL;2018. március 6.;2876.0;1115114.0
MOL;2018. március 7.;2940.0;1406436.0
MOL;2018. március 8.;3004.0;840950.0
MOL;2018. március 9.;2978.0;924800.0
MOL;2018. március 12.;3014.0;487050.0
MOL;2018. március 13.;3004.0;875334.0
MOL;2018. március 14.;3012.0;1698495.0
MOL;2018. március 19.;2900.0;1155147.0
MOL;2018. március 20.;2892.0;616405.0
MOL;2018. március 21.;2948.0;596418.0
MOL;2018. március 22.;2836.0;546517.0
MOL;2018. március 23.;2820.0;782553.0
MOL;2018. március 26.;2822.0;381963.0
MOL;2018. március 27.;2824.0;425732.0
MOL;2018. március 28.;2742.0;1004729.0
MOL;2018. március 29.;2772.0;799100.0
MOL;2018. április 3.;2860.0;563659.0
MOL;2018. április 4.;2804.0;508200.0
MOL;2018. április 5.;2864.0;566499.0
MOL;2018. április 6.;2878.0;525416.0
MOL;2018. április 9.;2958.0;632969.0
MOL;2018. április 10.;2916.0;984923.0
MOL;2018. április 11.;2966.0;453964.0
MOL;2018. április 12.;2962.0;721858.0
MOL;2018. április 13.;2972.0;378332.0
MOL;2018. április 16.;2968.0;295372.0
MOL;2018. április 17.;2988.0;617541.0
MOL;2018. április 18.;3064.0;1443433.0
MOL;2018. április 19.;3050.0;742852.0
MOL;2018. április 20.;2988.0;341629.0
MOL;2018. április 23.;2970.0;411919.0
MOL;2018. április 24.;2924.0;783132.0
MOL;2018. április 25.;2946.0;580844.0
MOL;2018. április 26.;2980.0;261407.0
MOL;2018. április 27.;3002.0;365802.0
MOL;2018. május 2.;2922.0;1118133.0
MOL;2018. május 3.;2958.0;825291.0
MOL;2018. május 4.;2870.0;805458.0
MOL;2018. május 7.;2836.0;403239.0
MOL;2018. május 8.;2790.0;1063545.0
MOL;2018. május 9.;2700.0;654053.0
MOL;2018. május 10.;2726.0;1066039.0
MOL;2018. május 11.;2810.0;777597.0
MOL;2018. május 14.;2868.0;691933.0
MOL;2018. május 15.;2844.0;745122.0
MOL;2018. május 16.;2810.0;876647.0
MOL;2018. május 17.;2756.0;614049.0
MOL;2018. május 18.;2702.0;682783.0
MOL;2018. május 22.;2614.0;958117.0
MOL;2018. május 23.;2548.0;1692525.0
MOL;2018. május 24.;2594.0;767317.0
MOL;2018. május 25.;2624.0;768464.0
MOL;2018. május 28.;2580.0;256378.0
MOL;2018. május 29.;2552.0;848953.0
MOL;2018. május 30.;2510.0;1027203.0
MOL;2018. május 31.;2578.0;2295753.0
MOL;2018. június 1.;2644.0;840889.0
MOL;2018. június 4.;2770.0;1097988.0
MOL;2018. június 5.;2700.0;939810.0
MOL;2018. június 6.;2750.0;443050.0
MOL;2018. június 7.;2774.0;835764.0
MOL;2018. június 8.;2716.0;634511.0
MOL;2018. június 11.;2708.0;386994.0
MOL;2018. június 12.;2710.0;396469.0
MOL;2018. június 13.;2632.0;362072.0
MOL;2018. június 14.;2704.0;522490.0
MOL;2018. június 15.;2694.0;1712448.0
MOL;2018. június 18.;2652.0;342647.0
MOL;2018. június 19.;2594.0;837307.0
MOL;2018. június 20.;2606.0;665595.0
MOL;2018. június 21.;2582.0;851385.0
MOL;2018. június 22.;2614.0;762753.0
MOL;2018. június 25.;2584.0;428878.0
MOL;2018. június 26.;2640.0;469125.0
MOL;2018. június 27.;2682.0;737320.0
MOL;2018. június 28.;2654.0;468617.0
MOL;2018. június 29.;2722.0;766879.0
MOL;2018. július 2.;2704.0;732080.0
MOL;2018. július 3.;2750.0;341475.0
MOL;2018. július 4.;2778.0;343436.0
MOL;2018. július 5.;2752.0;300314.0
MOL;2018. július 6.;2680.0;749335.0
MOL;2018. július 9.;2668.0;185051.0
MOL;2018. július 10.;2700.0;497917.0
MOL;2018. július 11.;2670.0;655352.0
MOL;2018. július 12.;2738.0;466891.0
MOL;2018. július 13.;2722.0;447087.0
MOL;2018. július 16.;2660.0;266153.0
MOL;2018. július 17.;2626.0;594667.0
MOL;2018. július 18.;2650.0;380203.0
MOL;2018. július 19.;2664.0;199974.0
MOL;2018. július 20.;2708.0;585120.0
MOL;2018. július 23.;2700.0;542663.0
MOL;2018. július 24.;2680.0;427545.0
MOL;2018. július 25.;2650.0;287354.0
MOL;2018. július 26.;2692.0;391849.0
MOL;2018. július 27.;2710.0;318502.0
MOL;2018. július 30.;2720.0;296855.0
MOL;2018. július 31.;2692.0;610835.0
MOL;2018. augusztus 1.;2750.0;431310.0
MOL;2018. augusztus 2.;2704.0;289606.0
MOL;2018. augusztus 3.;2802.0;1273381.0
MOL;2018. augusztus 6.;2874.0;591966.0
MOL;2018. augusztus 7.;2852.0;506797.0
MOL;2018. augusztus 8.;2800.0;678944.0
MOL;2018. augusztus 9.;2770.0;506632.0
MOL;2018. augusztus 10.;2766.0;425316.0
MOL;2018. augusztus 13.;2774.0;356311.0
MOL;2018. augusztus 14.;2828.0;819220.0
MOL;2018. augusztus 15.;2816.0;556034.0
MOL;2018. augusztus 16.;2800.0;491851.0
MOL;2018. augusztus 17.;2740.0;585931.0
MOL;2018. augusztus 21.;2866.0;1237866.0
MOL;2018. augusztus 22.;2834.0;532793.0
MOL;2018. augusztus 23.;2802.0;369577.0
MOL;2018. augusztus 24.;2814.0;193867.0
MOL;2018. augusztus 27.;2858.0;128203.0
MOL;2018. augusztus 28.;2880.0;378523.0
MOL;2018. augusztus 29.;2864.0;776581.0
MOL;2018. augusztus 30.;2894.0;513572.0
MOL;2018. augusztus 31.;2870.0;732280.0
MOL;2018. szeptember 3.;2862.0;198882.0
MOL;2018. szeptember 4.;2906.0;872826.0
MOL;2018. szeptember 5.;2942.0;1020858.0
MOL;2018. szeptember 6.;2962.0;628923.0
MOL;2018. szeptember 7.;2960.0;956836.0
MOL;2018. szeptember 10.;2940.0;496316.0
MOL;2018. szeptember 11.;2864.0;1287334.0
MOL;2018. szeptember 12.;2840.0;761796.0
MOL;2018. szeptember 13.;2860.0;1186626.0
MOL;2018. szeptember 14.;2890.0;404478.0
MOL;2018. szeptember 17.;2846.0;555758.0
MOL;2018. szeptember 18.;2890.0;1053680.0
MOL;2018. szeptember 19.;2930.0;557053.0
MOL;2018. szeptember 20.;2890.0;549667.0
MOL;2018. szeptember 21.;2830.0;1416609.0
MOL;2018. szeptember 24.;2840.0;284302.0
MOL;2018. szeptember 25.;2858.0;605750.0
MOL;2018. szeptember 26.;2910.0;531909.0
MOL;2018. szeptember 27.;2990.0;1244317.0
MOL;2018. szeptember 28.;3000.0;980974.0
MOL;2018. október 1.;2970.0;736044.0
MOL;2018. október 2.;2956.0;578246.0
MOL;2018. október 3.;2984.0;666463.0
MOL;2018. október 4.;3020.0;747576.0
MOL;2018. október 5.;3022.0;940926.0
MOL;2018. október 8.;2980.0;700993.0
MOL;2018. október 9.;3040.0;503224.0
MOL;2018. október 10.;3020.0;951929.0
MOL;2018. október 11.;2902.0;1137522.0
MOL;2018. október 12.;2966.0;481592.0
MOL;2018. október 15.;2970.0;334070.0
MOL;2018. október 16.;3062.0;1326951.0
MOL;2018. október 17.;3040.0;566095.0
MOL;2018. október 18.;3040.0;542423.0
MOL;2018. október 19.;2984.0;431511.0
MOL;2018. október 24.;2874.0;1349619.0
MOL;2018. október 25.;2900.0;896386.0
MOL;2018. október 26.;2854.0;946967.0
MOL;2018. október 29.;2870.0;837492.0
MOL;2018. október 30.;2976.0;976936.0
MOL;2018. október 31.;3006.0;1394394.0
MOL;2018. november 5.;3040.0;1621338.0
MOL;2018. november 6.;2986.0;375729.0
MOL;2018. november 7.;2988.0;819578.0
MOL;2018. november 8.;3052.0;996142.0
MOL;2018. november 9.;3078.0;1461378.0
MOL;2018. november 12.;3014.0;575929.0
MOL;2018. november 13.;2978.0;634348.0
MOL;2018. november 14.;3088.0;1015083.0
MOL;2018. november 15.;3108.0;1227858.0
MOL;2018. november 16.;3110.0;818306.0
MOL;2018. november 19.;3096.0;734212.0
MOL;2018. november 20.;3110.0;862748.0
MOL;2018. november 21.;3138.0;1092635.0
MOL;2018. november 22.;3160.0;535217.0
MOL;2018. november 23.;3148.0;397981.0
MOL;2018. november 26.;3172.0;495328.0
MOL;2018. november 27.;3182.0;889463.0
MOL;2018. november 28.;3166.0;515504.0
MOL;2018. november 29.;3178.0;744812.0
MOL;2018. november 30.;3164.0;1505010.0
MOL;2018. december 3.;3190.0;779724.0
MOL;2018. december 4.;3206.0;957549.0
MOL;2018. december 5.;3144.0;823607.0
MOL;2018. december 6.;3116.0;1095975.0
MOL;2018. december 7.;3084.0;530087.0
MOL;2018. december 10.;3062.0;766399.0
MOL;2018. december 11.;3110.0;570164.0
MOL;2018. december 12.;3104.0;466525.0
MOL;2018. december 13.;3096.0;314471.0
MOL;2018. december 14.;3146.0;492586.0
MOL;2018. december 17.;3080.0;282540.0
MOL;2018. december 18.;3058.0;939620.0
MOL;2018. december 19.;3162.0;814466.0
MOL;2018. december 20.;3090.0;421868.0
MOL;2018. december 21.;3122.0;1173645.0
MOL;2018. december 27.;3072.0;336093.0
MOL;2018. december 28.;3078.0;239831.0
MOL;2019. január 2.;3096.0;286297.0
MOL;2019. január 3.;3086.0;651360.0
MOL;2019. január 4.;3094.0;270416.0
MOL;2019. január 7.;3180.0;570216.0
MOL;2019. január 8.;3240.0;1253462.0
MOL;2019. január 9.;3212.0;836185.0
MOL;2019. január 10.;3220.0;543679.0
MOL;2019. január 11.;3228.0;273270.0
MOL;2019. január 14.;3202.0;279906.0
MOL;2019. január 15.;3178.0;261072.0
MOL;2019. január 16.;3208.0;404521.0
MOL;2019. január 17.;3200.0;465087.0
MOL;2019. január 18.;3242.0;654153.0
MOL;2019. január 21.;3190.0;363306.0
MOL;2019. január 22.;3250.0;748715.0
MOL;2019. január 23.;3256.0;702521.0
MOL;2019. január 24.;3280.0;1241637.0
MOL;2019. január 25.;3262.0;303592.0
MOL;2019. január 28.;3298.0;419462.0
MOL;2019. január 29.;3290.0;625914.0
MOL;2019. január 30.;3292.0;736373.0
MOL;2019. január 31.;3302.0;613431.0
MOL;2019. február 1.;3284.0;406113.0
MOL;2019. február 4.;3302.0;224270.0
MOL;2019. február 5.;3232.0;375105.0
MOL;2019. február 6.;3246.0;525384.0
MOL;2019. február 7.;3246.0;301603.0
MOL;2019. február 8.;3160.0;590720.0
MOL;2019. február 11.;3156.0;593165.0
MOL;2019. február 12.;3238.0;743565.0
MOL;2019. február 13.;3284.0;593110.0
MOL;2019. február 14.;3280.0;537423.0
MOL;2019. február 15.;3288.0;331037.0
MOL;2019. február 18.;3310.0;437201.0
MOL;2019. február 19.;3300.0;228566.0
MOL;2019. február 20.;3332.0;709520.0
MOL;2019. február 21.;3306.0;695308.0
MOL;2019. február 22.;3282.0;742083.0
MOL;2019. február 25.;3290.0;436274.0
MOL;2019. február 26.;3272.0;672530.0
MOL;2019. február 27.;3266.0;666934.0
MOL;2019. február 28.;3240.0;914704.0
MOL;2019. március 1.;3210.0;718558.0
MOL;2019. március 4.;3250.0;327100.0
MOL;2019. március 5.;3286.0;511026.0
MOL;2019. március 6.;3332.0;899392.0
MOL;2019. március 7.;3290.0;417099.0
MOL;2019. március 8.;3258.0;300168.0
MOL;2019. március 11.;3280.0;202643.0
MOL;2019. március 12.;3270.0;247526.0
MOL;2019. március 13.;3262.0;482376.0
MOL;2019. március 14.;3328.0;1626841.0
MOL;2019. március 18.;3344.0;1119062.0
MOL;2019. március 19.;3350.0;572713.0
MOL;2019. március 20.;3366.0;807016.0
MOL;2019. március 21.;3364.0;906991.0
MOL;2019. március 22.;3320.0;461234.0
MOL;2019. március 25.;3290.0;315018.0
MOL;2019. március 26.;3300.0;671513.0
MOL;2019. március 27.;3282.0;1118184.0
MOL;2019. március 28.;3264.0;777057.0
MOL;2019. március 29.;3278.0;531769.0
MOL;2019. április 1.;3320.0;530999.0
MOL;2019. április 2.;3312.0;289296.0
MOL;2019. április 3.;3298.0;349018.0
MOL;2019. április 4.;3256.0;547590.0
MOL;2019. április 5.;3230.0;313521.0
MOL;2019. április 8.;3258.0;512088.0
MOL;2019. április 9.;3278.0;473663.0
MOL;2019. április 10.;3280.0;269345.0
MOL;2019. április 11.;3278.0;447863.0
MOL;2019. április 12.;3330.0;369052.0
MOL;2019. április 15.;3298.0;196373.0
MOL;2019. április 16.;3286.0;192495.0
MOL;2019. április 17.;3286.0;412061.0
MOL;2019. április 18.;3310.0;191725.0
MOL;2019. április 23.;3380.0;669016.0
MOL;2019. április 24.;3450.0;1152603.0
MOL;2019. április 25.;3402.0;611335.0
MOL;2019. április 26.;3380.0;398592.0
MOL;2019. április 29.;3346.0;469298.0
MOL;2019. április 30.;3316.0;617932.0
MOL;2019. május 2.;3296.0;538617.0
MOL;2019. május 3.;3196.0;1384811.0
MOL;2019. május 6.;3150.0;1302986.0
MOL;2019. május 7.;3096.0;1059926.0
MOL;2019. május 8.;3094.0;973800.0
MOL;2019. május 9.;3056.0;807274.0
MOL;2019. május 10.;3114.0;837074.0
MOL;2019. május 13.;3128.0;521500.0
MOL;2019. május 14.;3182.0;1299356.0
MOL;2019. május 15.;3196.0;703173.0
MOL;2019. május 16.;3220.0;714176.0
MOL;2019. május 17.;3148.0;619471.0
MOL;2019. május 20.;3136.0;550845.0
MOL;2019. május 21.;3150.0;521752.0
MOL;2019. május 22.;3208.0;431466.0
MOL;2019. május 23.;3182.0;778139.0
MOL;2019. május 24.;3210.0;329206.0
MOL;2019. május 27.;3180.0;224693.0
MOL;2019. május 28.;3250.0;2983930.0
MOL;2019. május 29.;3244.0;835539.0
MOL;2019. május 30.;3280.0;570233.0
MOL;2019. május 31.;3276.0;1013630.0
MOL;2019. június 3.;3302.0;650101.0
MOL;2019. június 4.;3338.0;504257.0
MOL;2019. június 5.;3296.0;504006.0
MOL;2019. június 6.;3266.0;375479.0
MOL;2019. június 7.;3286.0;403169.0
MOL;2019. június 11.;3306.0;507420.0
MOL;2019. június 12.;3280.0;854408.0
MOL;2019. június 13.;3272.0;700847.0
MOL;2019. június 14.;3270.0;674273.0
MOL;2019. június 17.;3150.0;443334.0
MOL;2019. június 18.;3146.0;881451.0
MOL;2019. június 19.;3166.0;258524.0
MOL;2019. június 20.;3150.0;303929.0
MOL;2019. június 21.;3106.0;844581.0
MOL;2019. június 24.;3104.0;291442.0
MOL;2019. június 25.;3072.0;310253.0
MOL;2019. június 26.;3080.0;397566.0
MOL;2019. június 27.;3152.0;644525.0
MOL;2019. június 28.;3152.0;493751.0
MOL;2019. július 1.;3118.0;631508.0
MOL;2019. július 2.;3104.0;538679.0
MOL;2019. július 3.;3070.0;526904.0
MOL;2019. július 4.;3064.0;386704.0
MOL;2019. július 5.;3060.0;355595.0
MOL;2019. július 8.;3046.0;311866.0
MOL;2019. július 9.;2964.0;1025917.0
MOL;2019. július 10.;2962.0;1190898.0
MOL;2019. július 11.;2960.0;976680.0
MOL;2019. július 12.;2960.0;365828.0
MOL;2019. július 15.;2986.0;343628.0
MOL;2019. július 16.;3020.0;406174.0
MOL;2019. július 17.;3008.0;341861.0
MOL;2019. július 18.;3030.0;580084.0
MOL;2019. július 19.;3086.0;788813.0
MOL;2019. július 22.;3102.0;455139.0
MOL;2019. július 23.;3082.0;485549.0
MOL;2019. július 24.;3100.0;265944.0
MOL;2019. július 25.;3088.0;353451.0
MOL;2019. július 26.;3022.0;552863.0
MOL;2019. július 29.;3024.0;379170.0
MOL;2019. július 30.;3004.0;382323.0
MOL;2019. július 31.;3000.0;723637.0
MOL;2019. augusztus 1.;3004.0;921924.0
MOL;2019. augusztus 2.;2970.0;1192343.0
MOL;2019. augusztus 5.;2940.0;998948.0
MOL;2019. augusztus 6.;2976.0;698265.0
MOL;2019. augusztus 7.;2976.0;438798.0
MOL;2019. augusztus 8.;2982.0;529672.0
MOL;2019. augusztus 9.;2984.0;287492.0
MOL;2019. augusztus 12.;3026.0;510808.0
MOL;2019. augusztus 13.;3000.0;615603.0
MOL;2019. augusztus 14.;2970.0;688320.0
MOL;2019. augusztus 15.;2960.0;494934.0
MOL;2019. augusztus 16.;2966.0;390754.0
MOL;2019. augusztus 21.;2886.0;1301904.0
MOL;2019. augusztus 22.;2844.0;1004782.0
MOL;2019. augusztus 23.;2846.0;557226.0
MOL;2019. augusztus 26.;2886.0;490532.0
MOL;2019. augusztus 27.;2876.0;1474335.0
MOL;2019. augusztus 28.;2868.0;464772.0
MOL;2019. augusztus 29.;2882.0;381586.0
MOL;2019. augusztus 30.;2948.0;485605.0
MOL;2019. szeptember 2.;2904.0;118576.0
MOL;2019. szeptember 3.;2874.0;556695.0
MOL;2019. szeptember 4.;2880.0;596329.0
MOL;2019. szeptember 5.;2894.0;389383.0
MOL;2019. szeptember 6.;2924.0;468766.0
MOL;2019. szeptember 9.;2964.0;481065.0
MOL;2019. szeptember 10.;2928.0;548020.0
MOL;2019. szeptember 11.;2910.0;525729.0
MOL;2019. szeptember 12.;2890.0;425665.0
MOL;2019. szeptember 13.;2898.0;387943.0
MOL;2019. szeptember 16.;2976.0;740222.0
MOL;2019. szeptember 17.;2946.0;1037614.0
MOL;2019. szeptember 18.;3000.0;484679.0
MOL;2019. szeptember 19.;3000.0;385504.0
MOL;2019. szeptember 20.;3006.0;1091271.0
MOL;2019. szeptember 23.;2978.0;349147.0
MOL;2019. szeptember 24.;2976.0;293021.0
MOL;2019. szeptember 25.;2952.0;452955.0
MOL;2019. szeptember 26.;2922.0;317632.0
MOL;2019. szeptember 27.;2940.0;345898.0
MOL;2019. szeptember 30.;2890.0;672776.0
MOL;2019. október 1.;2870.0;515225.0
MOL;2019. október 2.;2800.0;1474651.0
MOL;2019. október 3.;2804.0;313267.0
MOL;2019. október 4.;2826.0;416661.0
MOL;2019. október 7.;2836.0;226223.0
MOL;2019. október 8.;2820.0;560677.0
MOL;2019. október 9.;2832.0;185570.0
MOL;2019. október 10.;2828.0;480325.0
MOL;2019. október 11.;2874.0;382947.0
MOL;2019. október 14.;2890.0;454898.0
MOL;2019. október 15.;2846.0;515517.0
MOL;2019. október 16.;2810.0;787538.0
MOL;2019. október 17.;2850.0;738766.0
MOL;2019. október 18.;2846.0;505701.0
MOL;2019. október 21.;2860.0;433754.0
MOL;2019. október 22.;2914.0;797218.0
MOL;2019. október 24.;2922.0;825631.0
MOL;2019. október 25.;2864.0;552208.0
MOL;2019. október 28.;2856.0;459276.0
MOL;2019. október 29.;2938.0;861719.0
MOL;2019. október 30.;2976.0;643997.0
MOL;2019. október 31.;2912.0;893908.0
MOL;2019. november 4.;3004.0;1034958.0
MOL;2019. november 5.;3042.0;948486.0
MOL;2019. november 6.;3002.0;811907.0
MOL;2019. november 7.;3032.0;679387.0
MOL;2019. november 8.;3044.0;590150.0
MOL;2019. november 11.;3020.0;482972.0
MOL;2019. november 12.;3078.0;905859.0
MOL;2019. november 13.;3016.0;751412.0
MOL;2019. november 14.;3000.0;698376.0
MOL;2019. november 15.;2992.0;242094.0
MOL;2019. november 18.;3034.0;704226.0
MOL;2019. november 19.;3002.0;592175.0
MOL;2019. november 20.;3006.0;441803.0
MOL;2019. november 21.;2920.0;744250.0
MOL;2019. november 22.;2974.0;681441.0
MOL;2019. november 25.;3006.0;405237.0
MOL;2019. november 26.;2926.0;2595308.0
MOL;2019. november 27.;2930.0;507413.0
MOL;2019. november 28.;2922.0;231884.0
MOL;2019. november 29.;2934.0;273577.0
MOL;2019. december 2.;2854.0;803946.0
MOL;2019. december 3.;2800.0;1129345.0
MOL;2019. december 4.;2844.0;794807.0
MOL;2019. december 5.;2860.0;518442.0
MOL;2019. december 6.;2872.0;370183.0
MOL;2019. december 9.;2892.0;375893.0
MOL;2019. december 10.;2880.0;632242.0
MOL;2019. december 11.;2880.0;518488.0
MOL;2019. december 12.;2900.0;833156.0
MOL;2019. december 13.;2906.0;515979.0
MOL;2019. december 16.;2882.0;673155.0
MOL;2019. december 17.;2872.0;771497.0
MOL;2019. december 18.;2884.0;756448.0
MOL;2019. december 19.;2914.0;539676.0
MOL;2019. december 20.;2924.0;1189790.0
MOL;2019. december 23.;2940.0;274817.0
MOL;2019. december 30.;2940.0;579331.0
MOL;2020. január 2.;2960.0;306621.0
MOL;2020. január 3.;2950.0;430438.0
MOL;2020. január 6.;2882.0;700471.0
MOL;2020. január 7.;2872.0;875070.0
MOL;2020. január 8.;2888.0;379690.0
MOL;2020. január 9.;2890.0;602304.0
MOL;2020. január 10.;2882.0;782031.0
MOL;2020. január 13.;2884.0;191864.0
MOL;2020. január 14.;2850.0;850701.0
MOL;2020. január 15.;2824.0;789103.0
MOL;2020. január 16.;2820.0;1189270.0
MOL;2020. január 17.;2854.0;1400978.0
MOL;2020. január 20.;2802.0;942703.0
MOL;2020. január 21.;2700.0;2163057.0
MOL;2020. január 22.;2748.0;1051783.0
MOL;2020. január 23.;2722.0;634652.0
MOL;2020. január 24.;2710.0;330634.0
MOL;2020. január 27.;2662.0;540731.0
MOL;2020. január 28.;2668.0;404529.0
MOL;2020. január 29.;2650.0;508933.0
MOL;2020. január 30.;2608.0;1012035.0
MOL;2020. január 31.;2580.0;1673876.0
MOL;2020. február 3.;2570.0;1019573.0
MOL;2020. február 4.;2618.0;1912768.0
MOL;2020. február 5.;2618.0;816000.0
MOL;2020. február 6.;2652.0;642901.0
MOL;2020. február 7.;2644.0;409092.0
MOL;2020. február 10.;2634.0;550700.0
MOL;2020. február 11.;2600.0;695033.0
MOL;2020. február 12.;2560.0;853746.0
MOL;2020. február 13.;2560.0;1013280.0
MOL;2020. február 14.;2556.0;929431.0
MOL;2020. február 17.;2602.0;375046.0
MOL;2020. február 18.;2640.0;629541.0
MOL;2020. február 19.;2668.0;653206.0
MOL;2020. február 20.;2656.0;517236.0
MOL;2020. február 21.;2696.0;1480448.0
MOL;2020. február 24.;2550.0;1546505.0
MOL;2020. február 25.;2488.0;2188008.0
MOL;2020. február 26.;2520.0;2105133.0
MOL;2020. február 27.;2458.0;747231.0
MOL;2020. február 28.;2364.0;2461473.0
MOL;2020. március 2.;2438.0;1351433.0
MOL;2020. március 3.;2530.0;1256765.0
MOL;2020. március 4.;2472.0;872848.0
MOL;2020. március 5.;2360.0;998267.0
MOL;2020. március 6.;2268.0;1652272.0
MOL;2020. március 9.;2000.0;3391478.0
MOL;2020. március 10.;2022.0;1719428.0
MOL;2020. március 11.;1916.0;2042786.0
MOL;2020. március 12.;1796.0;2475559.0
MOL;2020. március 13.;1850.0;1885972.0
MOL;2020. március 16.;1720.0;2390576.0
MOL;2020. március 17.;1690.0;1934941.0
MOL;2020. március 18.;1502.0;1754830.0
MOL;2020. március 19.;1625.0;1773897.0
MOL;2020. március 20.;1842.0;3576000.0
MOL;2020. március 23.;1871.0;1174238.0
MOL;2020. március 24.;2000.0;1479758.0
MOL;2020. március 25.;1908.0;1684666.0
MOL;2020. március 26.;1867.0;1405801.0
MOL;2020. március 27.;1885.0;1080248.0
MOL;2020. március 30.;1849.0;921223.0
MOL;2020. március 31.;1930.0;1786155.0
MOL;2020. április 1.;1889.0;925495.0
MOL;2020. április 2.;2000.0;1577845.0
MOL;2020. április 3.;1885.0;1199749.0
MOL;2020. április 6.;1968.0;1015035.0
MOL;2020. április 7.;1910.0;1802991.0
MOL;2020. április 8.;1941.0;1324753.0
MOL;2020. április 9.;2044.0;1614268.0
MOL;2020. április 14.;2190.0;969431.0
MOL;2020. április 15.;2030.0;1668299.0
MOL;2020. április 16.;2020.0;1246238.0
MOL;2020. április 17.;2076.0;973188.0
MOL;2020. április 20.;2010.0;812446.0
MOL;2020. április 21.;1903.0;1728771.0
MOL;2020. április 22.;1990.0;1045516.0
MOL;2020. április 23.;2010.0;887199.0
MOL;2020. április 24.;2010.0;916069.0
MOL;2020. április 27.;2004.0;490374.0
MOL;2020. április 28.;1979.0;881453.0
MOL;2020. április 29.;2050.0;723394.0
MOL;2020. április 30.;2042.0;2097769.0
MOL;2020. május 4.;2032.0;660918.0
MOL;2020. május 5.;2050.0;818272.0
MOL;2020. május 6.;2040.0;761110.0
MOL;2020. május 7.;2046.0;565762.0
MOL;2020. május 8.;2042.0;584030.0
MOL;2020. május 11.;2048.0;617383.0
MOL;2020. május 12.;2050.0;980658.0
MOL;2020. május 13.;2000.0;1057996.0
MOL;2020. május 14.;1992.0;1037520.0
MOL;2020. május 15.;1995.0;666164.0
MOL;2020. május 18.;2080.0;1060948.0
MOL;2020. május 19.;2056.0;675852.0
MOL;2020. május 20.;2056.0;867365.0
MOL;2020. május 21.;2040.0;834556.0
MOL;2020. május 22.;2000.0;1321577.0
MOL;2020. május 25.;2000.0;829105.0
MOL;2020. május 26.;2014.0;1189276.0
MOL;2020. május 27.;1993.0;2885662.0
MOL;2020. május 28.;1987.0;1654297.0
MOL;2020. május 29.;1970.0;5027297.0
MOL;2020. június 2.;1916.0;2461361.0
MOL;2020. június 3.;2012.0;1766120.0
MOL;2020. június 4.;1967.0;1668837.0
MOL;2020. június 5.;2000.0;1454311.0
MOL;2020. június 8.;2040.0;1984173.0
MOL;2020. június 9.;2012.0;1184584.0
MOL;2020. június 10.;1972.0;1282243.0
MOL;2020. június 11.;1950.0;839713.0
MOL;2020. június 12.;1962.0;834138.0
MOL;2020. június 15.;1941.0;950350.0
MOL;2020. június 16.;1955.0;1299616.0
MOL;2020. június 17.;1928.0;1026853.0
MOL;2020. június 18.;1905.0;1632170.0
MOL;2020. június 19.;1914.0;2222956.0
MOL;2020. június 22.;1892.0;975601.0
MOL;2020. június 23.;1933.0;1078023.0
MOL;2020. június 24.;1912.0;942158.0
MOL;2020. június 25.;1903.0;625162.0
MOL;2020. június 26.;1879.0;799135.0
MOL;2020. június 29.;1866.0;2040546.0
MOL;2020. június 30.;1858.0;1355897.0
MOL;2020. július 1.;1821.0;740265.0
MOL;2020. július 2.;1860.0;641892.0
MOL;2020. július 3.;1858.0;599799.0
MOL;2020. július 6.;1859.0;420455.0
MOL;2020. július 7.;1822.0;750500.0
MOL;2020. július 8.;1866.0;454076.0
MOL;2020. július 9.;1865.0;485697.0
MOL;2020. július 10.;1834.0;472120.0
MOL;2020. július 13.;1794.0;1093577.0
MOL;2020. július 14.;1796.0;670372.0
MOL;2020. július 15.;1810.0;606036.0
MOL;2020. július 16.;1791.0;590709.0
MOL;2020. július 17.;1775.0;1106664.0
MOL;2020. július 20.;1750.0;1170429.0
MOL;2020. július 21.;1760.0;1008202.0
MOL;2020. július 22.;1751.0;788950.0
MOL;2020. július 23.;1774.0;1081617.0
MOL;2020. július 24.;1729.0;656739.0
MOL;2020. július 27.;1740.0;228979.0
MOL;2020. július 28.;1728.0;354165.0
MOL;2020. július 29.;1770.0;472555.0
MOL;2020. július 30.;1805.0;773434.0
MOL;2020. július 31.;1717.0;1328708.0
MOL;2020. augusztus 3.;1722.0;777433.0
MOL;2020. augusztus 4.;1707.0;640528.0
MOL;2020. augusztus 5.;1794.0;553788.0
MOL;2020. augusztus 6.;1793.0;730737.0
MOL;2020. augusztus 7.;1840.0;1108264.0
MOL;2020. augusztus 10.;1810.0;635786.0
MOL;2020. augusztus 11.;1795.0;799990.0
MOL;2020. augusztus 12.;1808.0;400940.0
MOL;2020. augusztus 13.;1785.0;502777.0
MOL;2020. augusztus 14.;1770.0;356213.0
MOL;2020. augusztus 17.;1779.0;345710.0
MOL;2020. augusztus 18.;1728.0;941883.0
MOL;2020. augusztus 19.;1719.0;730559.0
MOL;2020. augusztus 24.;1710.0;911391.0
MOL;2020. augusztus 25.;1713.0;502322.0
MOL;2020. augusztus 26.;1726.0;515892.0
MOL;2020. augusztus 27.;1690.0;850638.0
MOL;2020. augusztus 28.;1670.0;1133195.0
MOL;2020. augusztus 31.;1676.0;1529706.0
MOL;2020. szeptember 1.;1686.0;636792.0
MOL;2020. szeptember 2.;1657.0;892328.0
MOL;2020. szeptember 3.;1675.0;648961.0
MOL;2020. szeptember 4.;1691.0;325963.0
MOL;2020. szeptember 7.;1703.0;466395.0
MOL;2020. szeptember 8.;1644.0;1104874.0
MOL;2020. szeptember 9.;1664.0;887224.0
MOL;2020. szeptember 10.;1677.0;525452.0
MOL;2020. szeptember 11.;1669.0;553286.0
MOL;2020. szeptember 14.;1647.0;731457.0
MOL;2020. szeptember 15.;1615.0;1875725.0
MOL;2020. szeptember 16.;1620.0;571885.0
MOL;2020. szeptember 17.;1620.0;1265684.0
MOL;2020. szeptember 18.;1630.0;1675957.0
MOL;2020. szeptember 21.;1599.0;1239971.0
MOL;2020. szeptember 22.;1635.0;639559.0
MOL;2020. szeptember 23.;1618.0;727215.0
MOL;2020. szeptember 24.;1552.0;2013721.0
MOL;2020. szeptember 25.;1559.0;1415878.0
MOL;2020. szeptember 28.;1664.0;1993998.0
MOL;2020. szeptember 29.;1653.0;646677.0
MOL;2020. szeptember 30.;1691.0;1047634.0
MOL;2020. október 1.;1690.0;1776776.0
MOL;2020. október 2.;1666.0;583538.0
MOL;2020. október 5.;1675.0;719494.0
MOL;2020. október 6.;1671.0;1301669.0
MOL;2020. október 7.;1640.0;916771.0
MOL;2020. október 8.;1670.0;947911.0
MOL;2020. október 9.;1670.0;735139.0
MOL;2020. október 12.;1605.0;1665748.0
MOL;2020. október 13.;1640.0;610482.0
MOL;2020. október 14.;1654.0;586502.0
MOL;2020. október 15.;1656.0;883961.0
MOL;2020. október 16.;1665.0;571821.0
MOL;2020. október 19.;1674.0;416643.0
MOL;2020. október 20.;1636.0;894022.0
MOL;2020. október 21.;1629.0;511451.0
MOL;2020. október 22.;1620.0;836317.0
MOL;2020. október 26.;1561.0;1169260.0
MOL;2020. október 27.;1575.0;831818.0
MOL;2020. október 28.;1538.0;1189488.0
MOL;2020. október 29.;1514.0;1343762.0
MOL;2020. október 30.;1527.0;856334.0
MOL;2020. november 2.;1520.0;778386.0
MOL;2020. november 3.;1560.0;1265360.0
MOL;2020. november 4.;1618.0;1742512.0
MOL;2020. november 5.;1623.0;651649.0
MOL;2020. november 6.;1646.0;2032623.0
MOL;2020. november 9.;1720.0;2353985.0
MOL;2020. november 10.;1848.0;3805108.0
MOL;2020. november 11.;1896.0;3466992.0
MOL;2020. november 12.;1875.0;1322821.0
MOL;2020. november 13.;1895.0;1468709.0
MOL;2020. november 16.;1917.0;1304072.0
MOL;2020. november 17.;1974.0;1814445.0
MOL;2020. november 18.;2012.0;1896992.0
MOL;2020. november 19.;1979.0;2481923.0
MOL;2020. november 20.;1999.0;969505.0
MOL;2020. november 23.;2012.0;1370781.0
MOL;2020. november 24.;2070.0;1650274.0
MOL;2020. november 25.;2068.0;1145069.0
MOL;2020. november 26.;2050.0;1285528.0
MOL;2020. november 27.;2084.0;1302037.0
MOL;2020. november 30.;2014.0;3727337.0
MOL;2020. december 1.;2012.0;794844.0
MOL;2020. december 2.;2036.0;1513236.0
MOL;2020. december 3.;1980.0;1298511.0
MOL;2020. december 4.;2016.0;785970.0
MOL;2020. december 7.;2002.0;451608.0
MOL;2020. december 8.;1998.0;478765.0
MOL;2020. december 9.;2066.0;1969180.0
MOL;2020. december 10.;2106.0;1846114.0
MOL;2020. december 11.;2140.0;1746189.0
MOL;2020. december 14.;2206.0;2233464.0
MOL;2020. december 15.;2182.0;1087444.0
MOL;2020. december 16.;2172.0;618515.0
MOL;2020. december 17.;2172.0;555645.0
MOL;2020. december 18.;2120.0;5609985.0
MOL;2020. december 21.;2060.0;1480500.0
MOL;2020. december 22.;2100.0;445810.0
MOL;2020. december 23.;2140.0;431453.0
MOL;2020. december 28.;2194.0;699768.0
MOL;2020. december 29.;2188.0;749606.0
MOL;2020. december 30.;2190.0;536591.0
MOL;2021. január 4.;2218.0;517880.0
MOL;2021. január 5.;2220.0;703400.0
MOL;2021. január 6.;2328.0;1786580.0
MOL;2021. január 7.;2426.0;1607514.0
MOL;2021. január 8.;2446.0;1994963.0
MOL;2021. január 11.;2444.0;973982.0
MOL;2021. január 12.;2412.0;638576.0
MOL;2021. január 13.;2420.0;537522.0
MOL;2021. január 14.;2414.0;607496.0
MOL;2021. január 15.;2354.0;894745.0
MOL;2021. január 18.;2380.0;776546.0
MOL;2021. január 19.;2328.0;730436.0
MOL;2021. január 20.;2302.0;880359.0
MOL;2021. január 21.;2292.0;669953.0
MOL;2021. január 22.;2238.0;1115237.0
MOL;2021. január 25.;2222.0;745292.0
MOL;2021. január 26.;2240.0;900471.0
MOL;2021. január 27.;2208.0;995526.0
MOL;2021. január 28.;2246.0;949615.0
MOL;2021. január 29.;2220.0;1173702.0
MOL;2021. február 1.;2220.0;475216.0
MOL;2021. február 2.;2250.0;699805.0
MOL;2021. február 3.;2230.0;623588.0
MOL;2021. február 4.;2260.0;257413.0
MOL;2021. február 5.;2260.0;372154.0
MOL;2021. február 8.;2278.0;785774.0
MOL;2021. február 9.;2332.0;735650.0
MOL;2021. február 10.;2290.0;1156417.0
MOL;2021. február 11.;2216.0;1252618.0
MOL;2021. február 12.;2234.0;811249.0
MOL;2021. február 15.;2256.0;843759.0
MOL;2021. február 16.;2290.0;604321.0
MOL;2021. február 17.;2240.0;1004518.0
MOL;2021. február 18.;2240.0;769268.0
MOL;2021. február 19.;2226.0;1020807.0
MOL;2021. február 22.;2176.0;1054485.0
MOL;2021. február 23.;2150.0;1231173.0
MOL;2021. február 24.;2162.0;900180.0
MOL;2021. február 25.;2198.0;693096.0
MOL;2021. február 26.;2156.0;1259679.0
MOL;2021. március 1.;2270.0;998463.0
MOL;2021. március 2.;2272.0;1197113.0
MOL;2021. március 3.;2210.0;934862.0
MOL;2021. március 4.;2162.0;1596341.0
MOL;2021. március 5.;2210.0;1480732.0
MOL;2021. március 8.;2276.0;1128364.0
MOL;2021. március 9.;2230.0;1859762.0
MOL;2021. március 10.;2212.0;1211261.0
MOL;2021. március 11.;2214.0;491256.0
MOL;2021. március 12.;2220.0;419336.0
MOL;2021. március 16.;2192.0;1110919.0
MOL;2021. március 17.;2152.0;1358828.0
MOL;2021. március 18.;2200.0;1101616.0
MOL;2021. március 19.;2160.0;2157209.0
MOL;2021. március 22.;2146.0;943895.0
MOL;2021. március 23.;2122.0;1223158.0
MOL;2021. március 24.;2184.0;964761.0
MOL;2021. március 25.;2200.0;1342975.0
MOL;2021. március 26.;2222.0;764758.0
MOL;2021. március 29.;2260.0;971013.0
MOL;2021. március 30.;2274.0;547763.0
MOL;2021. március 31.;2236.0;861362.0
MOL;2021. április 1.;2130.0;2176499.0
MOL;2021. április 6.;2164.0;1044022.0
MOL;2021. április 7.;2172.0;480284.0
MOL;2021. április 8.;2150.0;629513.0
MOL;2021. április 9.;2146.0;611487.0
MOL;2021. április 12.;2124.0;622663.0
MOL;2021. április 13.;2080.0;1591538.0
MOL;2021. április 14.;2046.0;2673945.0
MOL;2021. április 15.;2070.0;1431594.0
MOL;2021. április 16.;2072.0;1499596.0
MOL;2021. április 19.;2030.0;989749.0
MOL;2021. április 20.;2044.0;1102288.0
MOL;2021. április 21.;2046.0;793031.0
MOL;2021. április 22.;2046.0;675239.0
MOL;2021. április 23.;2024.0;373184.0
MOL;2021. április 26.;2060.0;512835.0
MOL;2021. április 27.;2056.0;509308.0
MOL;2021. április 28.;2104.0;659733.0
MOL;2021. április 29.;2112.0;1110303.0
MOL;2021. április 30.;2070.0;795107.0
MOL;2021. május 3.;2066.0;478570.0
MOL;2021. május 4.;2140.0;1405895.0
MOL;2021. május 5.;2160.0;983493.0
MOL;2021. május 6.;2154.0;1222026.0
MOL;2021. május 7.;2198.0;2030075.0
MOL;2021. május 10.;2244.0;829232.0
MOL;2021. május 11.;2208.0;701404.0
MOL;2021. május 12.;2200.0;1021613.0
MOL;2021. május 13.;2260.0;1244612.0
MOL;2021. május 14.;2284.0;1114196.0
MOL;2021. május 17.;2278.0;699983.0
MOL;2021. május 18.;2278.0;918536.0
MOL;2021. május 19.;2250.0;848932.0
MOL;2021. május 20.;2286.0;661542.0
MOL;2021. május 21.;2274.0;523958.0
MOL;2021. május 25.;2254.0;749747.0
MOL;2021. május 26.;2270.0;366279.0
MOL;2021. május 27.;2264.0;1566762.0
MOL;2021. május 28.;2294.0;697855.0
MOL;2021. május 31.;2310.0;594268.0
MOL;2021. június 1.;2330.0;1353725.0
MOL;2021. június 2.;2380.0;818893.0
MOL;2021. június 3.;2394.0;1389761.0
MOL;2021. június 4.;2420.0;1365786.0
MOL;2021. június 7.;2390.0;947213.0
MOL;2021. június 8.;2388.0;1025273.0
MOL;2021. június 9.;2392.0;751996.0
MOL;2021. június 10.;2388.0;488188.0
MOL;2021. június 11.;2438.0;1686072.0
MOL;2021. június 14.;2426.0;702747.0
MOL;2021. június 15.;2444.0;843809.0
MOL;2021. június 16.;2414.0;948975.0
MOL;2021. június 17.;2394.0;602127.0
MOL;2021. június 18.;2320.0;2802924.0
MOL;2021. június 21.;2340.0;668661.0
MOL;2021. június 22.;2378.0;950765.0
MOL;2021. június 23.;2404.0;791408.0
MOL;2021. június 24.;2400.0;802845.0
MOL;2021. június 25.;2398.0;530904.0
MOL;2021. június 28.;2400.0;449603.0
MOL;2021. június 29.;2376.0;477684.0
MOL;2021. június 30.;2358.0;562008.0
MOL;2021. július 1.;2374.0;593735.0
MOL;2021. július 2.;2380.0;415205.0
MOL;2021. július 5.;2378.0;166735.0
MOL;2021. július 6.;2398.0;551272.0
MOL;2021. július 7.;2402.0;984307.0
MOL;2021. július 8.;2368.0;833474.0
MOL;2021. július 9.;2378.0;274783.0
MOL;2021. július 12.;2364.0;432432.0
MOL;2021. július 13.;2416.0;1199603.0
MOL;2021. július 14.;2402.0;635418.0
MOL;2021. július 15.;2390.0;560627.0
MOL;2021. július 16.;2394.0;278234.0
MOL;2021. július 19.;2302.0;1034009.0
MOL;2021. július 20.;2308.0;588483.0
MOL;2021. július 21.;2356.0;495387.0
MOL;2021. július 22.;2388.0;584498.0
MOL;2021. július 23.;2370.0;316154.0
MOL;2021. július 26.;2348.0;255053.0
MOL;2021. július 27.;2338.0;337395.0
MOL;2021. július 28.;2386.0;293158.0
MOL;2021. július 29.;2384.0;473586.0
MOL;2021. július 30.;2410.0;739489.0
MOL;2021. augusztus 2.;2404.0;256489.0
MOL;2021. augusztus 3.;2422.0;1295790.0
MOL;2021. augusztus 4.;2490.0;906977.0
MOL;2021. augusztus 5.;2490.0;843444.0
MOL;2021. augusztus 6.;2528.0;1153782.0
MOL;2021. augusztus 9.;2498.0;846296.0
MOL;2021. augusztus 10.;2402.0;1076495.0
MOL;2021. augusztus 11.;2446.0;849784.0
MOL;2021. augusztus 12.;2430.0;284295.0
MOL;2021. augusztus 13.;2430.0;225538.0
MOL;2021. augusztus 16.;2390.0;543641.0
MOL;2021. augusztus 17.;2414.0;808433.0
MOL;2021. augusztus 18.;2408.0;721548.0
MOL;2021. augusztus 19.;2362.0;1155378.0
MOL;2021. augusztus 23.;2406.0;725594.0
MOL;2021. augusztus 24.;2400.0;536694.0
MOL;2021. augusztus 25.;2406.0;585147.0
MOL;2021. augusztus 26.;2372.0;347686.0
MOL;2021. augusztus 27.;2398.0;487356.0
MOL;2021. augusztus 30.;2420.0;1252771.0
MOL;2021. augusztus 31.;2424.0;1619607.0
MOL;2021. szeptember 1.;2424.0;504525.0
MOL;2021. szeptember 2.;2410.0;290653.0
MOL;2021. szeptember 3.;2420.0;312482.0
MOL;2021. szeptember 6.;2410.0;516614.0
MOL;2021. szeptember 7.;2400.0;495149.0
MOL;2021. szeptember 8.;2408.0;742372.0
MOL;2021. szeptember 9.;2400.0;627524.0
MOL;2021. szeptember 10.;2400.0;500122.0
MOL;2021. szeptember 13.;2398.0;371795.0
MOL;2021. szeptember 14.;2396.0;686521.0
MOL;2021. szeptember 15.;2444.0;1121522.0
MOL;2021. szeptember 16.;2438.0;918820.0
MOL;2021. szeptember 17.;2436.0;1742393.0
MOL;2021. szeptember 20.;2378.0;985082.0
MOL;2021. szeptember 21.;2364.0;924662.0
MOL;2021. szeptember 22.;2410.0;470419.0
MOL;2021. szeptember 23.;2446.0;854198.0
MOL;2021. szeptember 24.;2460.0;1171153.0
MOL;2021. szeptember 27.;2462.0;1100002.0
MOL;2021. szeptember 28.;2476.0;1471153.0
MOL;2021. szeptember 29.;2538.0;1812527.0
MOL;2021. szeptember 30.;2584.0;1975842.0
MOL;2021. október 1.;2594.0;1307117.0
MOL;2021. október 4.;2606.0;1019286.0
MOL;2021. október 5.;2660.0;1121832.0
MOL;2021. október 6.;2688.0;1788913.0
MOL;2021. október 7.;2680.0;1560574.0
MOL;2021. október 8.;2684.0;767280.0
MOL;2021. október 11.;2708.0;731881.0
MOL;2021. október 12.;2740.0;2167468.0
MOL;2021. október 13.;2694.0;773988.0
MOL;2021. október 14.;2768.0;1152499.0
MOL;2021. október 15.;2738.0;951064.0
MOL;2021. október 18.;2720.0;967134.0
MOL;2021. október 19.;2728.0;587527.0
MOL;2021. október 20.;2720.0;717819.0
MOL;2021. október 21.;2760.0;635037.0
MOL;2021. október 22.;2770.0;521717.0
MOL;2021. október 25.;2748.0;380561.0
MOL;2021. október 26.;2746.0;543954.0
MOL;2021. október 27.;2730.0;357081.0
MOL;2021. október 28.;2654.0;835485.0
MOL;2021. október 29.;2660.0;701393.0
MOL;2021. november 2.;2676.0;1016103.0
MOL;2021. november 3.;2730.0;495810.0
MOL;2021. november 4.;2794.0;776101.0
MOL;2021. november 5.;2756.0;982327.0
MOL;2021. november 8.;2700.0;809621.0
MOL;2021. november 9.;2724.0;997298.0
MOL;2021. november 10.;2678.0;755840.0
MOL;2021. november 11.;2550.0;3227127.0
MOL;2021. november 12.;2468.0;3497368.0
MOL;2021. november 15.;2516.0;1710441.0
MOL;2021. november 16.;2502.0;1634678.0
MOL;2021. november 17.;2508.0;503600.0
MOL;2021. november 18.;2518.0;707415.0
MOL;2021. november 19.;2436.0;1579638.0
MOL;2021. november 22.;2430.0;806920.0
MOL;2021. november 23.;2546.0;1165791.0
MOL;2021. november 24.;2538.0;763070.0
MOL;2021. november 25.;2474.0;704073.0
MOL;2021. november 26.;2450.0;803483.0
MOL;2021. november 29.;2440.0;622906.0
MOL;2021. november 30.;2416.0;3130527.0
MOL;2021. december 1.;2446.0;472180.0
MOL;2021. december 2.;2434.0;600768.0
MOL;2021. december 3.;2410.0;817357.0
MOL;2021. december 6.;2434.0;374800.0
MOL;2021. december 7.;2456.0;888739.0
MOL;2021. december 8.;2454.0;779069.0
MOL;2021. december 9.;2456.0;475241.0
MOL;2021. december 10.;2446.0;337140.0
MOL;2021. december 13.;2422.0;632777.0
MOL;2021. december 14.;2430.0;393856.0
MOL;2021. december 15.;2420.0;572854.0
MOL;2021. december 16.;2440.0;635380.0
MOL;2021. december 17.;2450.0;1966278.0
MOL;2021. december 20.;2438.0;805458.0
MOL;2021. december 21.;2440.0;546577.0
MOL;2021. december 22.;2470.0;549185.0
MOL;2021. december 23.;2470.0;254456.0
MOL;2021. december 27.;2454.0;495441.0
MOL;2021. december 28.;2440.0;188308.0
MOL;2021. december 29.;2500.0;417183.0
MOL;2021. december 30.;2520.0;411108.0
MOL;2022. január 3.;2584.0;725609.0
MOL;2022. január 4.;2600.0;1028806.0
MOL;2022. január 5.;2618.0;789175.0
MOL;2022. január 6.;2610.0;628943.0
MOL;2022. január 7.;2600.0;463986.0
MOL;2022. január 10.;2636.0;646741.0
MOL;2022. január 11.;2648.0;932296.0
MOL;2022. január 12.;2690.0;1070646.0
MOL;2022. január 13.;2686.0;931300.0
MOL;2022. január 14.;2652.0;649912.0
MOL;2022. január 17.;2668.0;295190.0
MOL;2022. január 18.;2624.0;476229.0
MOL;2022. január 19.;2660.0;563270.0
MOL;2022. január 20.;2652.0;588525.0
MOL;2022. január 21.;2684.0;864613.0
MOL;2022. január 24.;2620.0;801058.0
MOL;2022. január 25.;2660.0;715750.0
MOL;2022. január 26.;2670.0;474788.0
MOL;2022. január 27.;2750.0;6.6596446E7
MOL;2022. január 28.;2728.0;805419.0
MOL;2022. január 31.;2750.0;585893.0
MOL;2022. február 1.;2700.0;812820.0
MOL;2022. február 2.;2710.0;609987.0
MOL;2022. február 3.;2682.0;428776.0
MOL;2022. február 4.;2678.0;413971.0
MOL;2022. február 7.;2662.0;181524.0
MOL;2022. február 8.;2710.0;511612.0
MOL;2022. február 9.;2702.0;307714.0
MOL;2022. február 10.;2670.0;486467.0
MOL;2022. február 11.;2670.0;642678.0
MOL;2022. február 14.;2648.0;719879.0
MOL;2022. február 15.;2648.0;679481.0
MOL;2022. február 16.;2662.0;511704.0
MOL;2022. február 17.;2652.0;906720.0
MOL;2022. február 18.;2614.0;504565.0
MOL;2022. február 21.;2558.0;1001092.0
MOL;2022. február 22.;2562.0;1620103.0
MOL;2022. február 23.;2522.0;427212.0
MOL;2022. február 24.;2340.0;2743051.0
MOL;2022. február 25.;2460.0;1053744.0
MOL;2022. február 28.;2590.0;5108016.0
MOL;2022. március 1.;2444.0;2836708.0
MOL;2022. március 2.;2448.0;2697570.0
MOL;2022. március 3.;2500.0;1774390.0
MOL;2022. március 4.;2512.0;1492721.0
MOL;2022. március 7.;2604.0;1986226.0
MOL;2022. március 8.;2640.0;2091525.0
MOL;2022. március 9.;2644.0;1132601.0
MOL;2022. március 10.;2554.0;1487365.0
MOL;2022. március 11.;2590.0;1374704.0
MOL;2022. március 16.;2640.0;1737456.0
MOL;2022. március 17.;2646.0;1287719.0
MOL;2022. március 18.;2560.0;2605405.0
MOL;2022. március 21.;2634.0;508235.0
MOL;2022. március 22.;2650.0;1331826.0
MOL;2022. március 23.;2800.0;3475739.0
MOL;2022. március 24.;2790.0;1570173.0
MOL;2022. március 25.;2810.0;819543.0
MOL;2022. március 28.;2802.0;987191.0
MOL;2022. március 29.;2894.0;2133688.0
MOL;2022. március 30.;2950.0;2795675.0
MOL;2022. március 31.;2930.0;1691559.0
MOL;2022. április 1.;2908.0;1115358.0
MOL;2022. április 4.;2940.0;478793.0
MOL;2022. április 5.;2850.0;1020695.0
MOL;2022. április 6.;2744.0;1875951.0
MOL;2022. április 7.;2750.0;1513183.0
MOL;2022. április 8.;2784.0;694440.0
MOL;2022. április 11.;2800.0;865971.0
MOL;2022. április 12.;2800.0;804645.0
MOL;2022. április 13.;2888.0;417152.0
MOL;2022. április 14.;3000.0;1718288.0
MOL;2022. április 19.;3072.0;1930138.0
MOL;2022. április 20.;3156.0;1798356.0
MOL;2022. április 21.;3104.0;1898328.0
MOL;2022. április 22.;3060.0;1494809.0
MOL;2022. április 25.;3010.0;668488.0
MOL;2022. április 26.;3000.0;1393102.0
MOL;2022. április 27.;2980.0;1299868.0
MOL;2022. április 28.;3070.0;1209800.0
MOL;2022. április 29.;3058.0;751120.0
MOL;2022. május 2.;2910.0;1299493.0
MOL;2022. május 3.;3032.0;756349.0
MOL;2022. május 4.;3028.0;1193169.0
MOL;2022. május 5.;2990.0;871403.0
MOL;2022. május 6.;2928.0;1114273.0
MOL;2022. május 9.;2878.0;533369.0
MOL;2022. május 10.;2770.0;2152842.0
MOL;2022. május 11.;2792.0;1115430.0
MOL;2022. május 12.;2740.0;1509522.0
MOL;2022. május 13.;2828.0;575694.0
MOL;2022. május 16.;2800.0;263306.0
MOL;2022. május 17.;2834.0;1012971.0
MOL;2022. május 18.;2870.0;1011417.0
MOL;2022. május 19.;2716.0;1393680.0
MOL;2022. május 20.;2700.0;1116533.0
MOL;2022. május 23.;2842.0;1057154.0
MOL;2022. május 24.;2872.0;1515557.0
MOL;2022. május 25.;2756.0;1341388.0
MOL;2022. május 26.;2504.0;3947564.0
MOL;2022. május 27.;2560.0;1733133.0
MOL;2022. május 30.;2516.0;1014714.0
MOL;2022. május 31.;2658.0;4512471.0
MOL;2022. június 1.;2770.0;1277734.0
MOL;2022. június 2.;2798.0;1860046.0
MOL;2022. június 3.;2842.0;400458.0
MOL;2022. június 7.;2798.0;886035.0
MOL;2022. június 8.;2802.0;886653.0
MOL;2022. június 9.;2746.0;761664.0
MOL;2022. június 10.;2662.0;963353.0
MOL;2022. június 13.;2622.0;815729.0
MOL;2022. június 14.;2794.0;1077962.0
MOL;2022. június 15.;2900.0;1842929.0
MOL;2022. június 16.;2900.0;1204207.0
MOL;2022. június 17.;2892.0;1735059.0
MOL;2022. június 20.;2900.0;311313.0
MOL;2022. június 21.;3030.0;1226746.0
MOL;2022. június 22.;2914.0;978784.0
MOL;2022. június 23.;2930.0;522462.0
MOL;2022. június 24.;2926.0;643910.0
MOL;2022. június 27.;2912.0;549804.0
MOL;2022. június 28.;2992.0;487750.0
MOL;2022. június 29.;2970.0;616942.0
MOL;2022. június 30.;2918.0;1069157.0
MOL;2022. július 1.;2912.0;476133.0
MOL;2022. július 4.;2950.0;153822.0
MOL;2022. július 5.;2932.0;774141.0
MOL;2022. július 6.;2902.0;653367.0
MOL;2022. július 7.;2888.0;775448.0
MOL;2022. július 8.;2914.0;578667.0
MOL;2022. július 11.;2872.0;241985.0
MOL;2022. július 12.;2846.0;492045.0
MOL;2022. július 13.;2838.0;780165.0
MOL;2022. július 14.;2900.0;860310.0
MOL;2022. július 15.;2944.0;1014443.0
MOL;2022. július 18.;3020.0;1338401.0
MOL;2022. július 19.;3042.0;1223955.0
MOL;2022. július 20.;2784.0;1177852.0
MOL;2022. július 21.;2888.0;1564047.0
MOL;2022. július 22.;2928.0;739643.0
MOL;2022. július 25.;2840.0;320687.0
MOL;2022. július 26.;2794.0;801500.0
MOL;2022. július 27.;2830.0;463412.0
MOL;2022. július 28.;2880.0;759469.0
MOL;2022. július 29.;2906.0;577360.0
MOL;2022. augusztus 1.;2910.0;528547.0
MOL;2022. augusztus 2.;2888.0;671445.0
MOL;2022. augusztus 3.;2936.0;1024040.0
MOL;2022. augusztus 4.;3000.0;2234253.0
MOL;2022. augusztus 5.;2900.0;1149594.0
MOL;2022. augusztus 8.;2936.0;678322.0
MOL;2022. augusztus 9.;2814.0;1423877.0
MOL;2022. augusztus 10.;2948.0;1020583.0
MOL;2022. augusztus 11.;2954.0;802187.0
MOL;2022. augusztus 12.;2886.0;530916.0
MOL;2022. augusztus 15.;2886.0;247415.0
MOL;2022. augusztus 16.;2916.0;511478.0
MOL;2022. augusztus 17.;2862.0;483997.0
MOL;2022. augusztus 18.;2810.0;328677.0
MOL;2022. augusztus 19.;2834.0;294580.0
MOL;2022. augusztus 22.;2804.0;561518.0
MOL;2022. augusztus 23.;2802.0;367701.0
MOL;2022. augusztus 24.;2800.0;303104.0
MOL;2022. augusztus 25.;2832.0;208877.0
MOL;2022. augusztus 26.;2808.0;222268.0
MOL;2022. augusztus 29.;2760.0;814799.0
MOL;2022. augusztus 30.;2794.0;838574.0
MOL;2022. augusztus 31.;2750.0;2038594.0
MOL;2022. szeptember 1.;2724.0;403698.0
MOL;2022. szeptember 2.;2754.0;462149.0
MOL;2022. szeptember 5.;2694.0;375837.0
MOL;2022. szeptember 6.;2700.0;385420.0
MOL;2022. szeptember 7.;2684.0;291566.0
MOL;2022. szeptember 8.;2666.0;383146.0
MOL;2022. szeptember 9.;2650.0;526995.0
MOL;2022. szeptember 12.;2650.0;884939.0
MOL;2022. szeptember 13.;2686.0;656853.0
MOL;2022. szeptember 14.;2678.0;462063.0
MOL;2022. szeptember 15.;2600.0;454727.0
MOL;2022. szeptember 16.;2516.0;1611057.0
MOL;2022. szeptember 19.;2516.0;713392.0
MOL;2022. szeptember 20.;2500.0;1473619.0
MOL;2022. szeptember 21.;2500.0;893055.0
MOL;2022. szeptember 22.;2476.0;693336.0
MOL;2022. szeptember 23.;2410.0;358347.0
MOL;2022. szeptember 26.;2428.0;891707.0
MOL;2022. szeptember 27.;2416.0;728178.0
MOL;2022. szeptember 28.;2366.0;746423.0
MOL;2022. szeptember 29.;2326.0;720675.0
MOL;2022. szeptember 30.;2406.0;819502.0
MOL;2022. október 3.;2466.0;345951.0
MOL;2022. október 4.;2624.0;864961.0
MOL;2022. október 5.;2648.0;701001.0
MOL;2022. október 6.;2642.0;503359.0
MOL;2022. október 7.;2570.0;590551.0
MOL;2022. október 10.;2470.0;506280.0
MOL;2022. október 11.;2454.0;607468.0
MOL;2022. október 12.;2438.0;455028.0
MOL;2022. október 13.;2402.0;526034.0
MOL;2022. október 14.;2450.0;422182.0
MOL;2022. október 17.;2458.0;380735.0
MOL;2022. október 18.;2468.0;566342.0
MOL;2022. október 19.;2434.0;404124.0
MOL;2022. október 20.;2438.0;650027.0
MOL;2022. október 21.;2446.0;322857.0
MOL;2022. október 24.;2450.0;344966.0
MOL;2022. október 25.;2470.0;380933.0
MOL;2022. október 26.;2464.0;162509.0
MOL;2022. október 27.;2480.0;449285.0
MOL;2022. október 28.;2484.0;527530.0
MOL;2022. november 2.;2484.0;1153516.0
MOL;2022. november 3.;2582.0;565009.0
MOL;2022. november 4.;2634.0;733119.0
MOL;2022. november 7.;2690.0;597460.0
MOL;2022. november 8.;2628.0;488178.0
MOL;2022. november 9.;2652.0;610632.0
MOL;2022. november 10.;2624.0;367196.0
MOL;2022. november 11.;2622.0;255995.0
MOL;2022. november 14.;2644.0;451646.0
MOL;2022. november 15.;2618.0;417935.0
MOL;2022. november 16.;2606.0;749861.0
MOL;2022. november 17.;2652.0;463228.0
MOL;2022. november 18.;2680.0;770321.0
MOL;2022. november 21.;2698.0;405808.0
MOL;2022. november 22.;2770.0;623443.0
MOL;2022. november 23.;2740.0;584957.0
MOL;2022. november 24.;2762.0;394239.0
MOL;2022. november 25.;2768.0;231271.0
MOL;2022. november 28.;2720.0;573032.0
MOL;2022. november 29.;2790.0;588245.0
MOL;2022. november 30.;2820.0;1872824.0
MOL;2022. december 1.;2836.0;611199.0
MOL;2022. december 2.;2844.0;488787.0
MOL;2022. december 5.;2760.0;497243.0
MOL;2022. december 6.;2818.0;823810.0
MOL;2022. december 7.;2746.0;1468119.0
MOL;2022. december 8.;2598.0;1244986.0
MOL;2022. december 9.;2600.0;323981.0
MOL;2022. december 12.;2580.0;274374.0
MOL;2022. december 13.;2608.0;676360.0
MOL;2022. december 14.;2642.0;450561.0
MOL;2022. december 15.;2608.0;348065.0
MOL;2022. december 16.;2616.0;803363.0
MOL;2022. december 19.;2644.0;371466.0
MOL;2022. december 20.;2648.0;329238.0
MOL;2022. december 21.;2632.0;364894.0
MOL;2022. december 22.;2640.0;290105.0
MOL;2022. december 23.;2640.0;174534.0
MOL;2022. december 27.;2632.0;67577.0
MOL;2022. december 28.;2616.0;248056.0
MOL;2022. december 29.;2630.0;179653.0
MOL;2022. december 30.;2602.0;152128.0
MOL;2023. január 2.;2608.0;144097.0
MOL;2023. január 3.;2650.0;351724.0
MOL;2023. január 4.;2612.0;299611.0
MOL;2023. január 5.;2618.0;458811.0
MOL;2023. január 6.;2648.0;330986.0
MOL;2023. január 9.;2678.0;580111.0
MOL;2023. január 10.;2680.0;686583.0
MOL;2023. január 11.;2702.0;415754.0
MOL;2023. január 12.;2690.0;565095.0
MOL;2023. január 13.;2688.0;473879.0
MOL;2023. január 16.;2708.0;258460.0
MOL;2023. január 17.;2686.0;563701.0
MOL;2023. január 18.;2688.0;367273.0
MOL;2023. január 19.;2700.0;526185.0
MOL;2023. január 20.;2690.0;378384.0
MOL;2023. január 23.;2676.0;281128.0
MOL;2023. január 24.;2658.0;332643.0
MOL;2023. január 25.;2670.0;252563.0
MOL;2023. január 26.;2748.0;757285.0
MOL;2023. január 27.;2788.0;631992.0
MOL;2023. január 30.;2702.0;486348.0
MOL;2023. január 31.;2682.0;762544.0
MOL;2023. február 1.;2710.0;471400.0
MOL;2023. február 2.;2750.0;385975.0
MOL;2023. február 3.;2740.0;329066.0
MOL;2023. február 6.;2682.0;318854.0
MOL;2023. február 7.;2736.0;673097.0
MOL;2023. február 8.;2762.0;452195.0
MOL;2023. február 9.;2764.0;458344.0
MOL;2023. február 10.;2796.0;254020.0
MOL;2023. február 13.;2820.0;501514.0
MOL;2023. február 14.;2804.0;395021.0
MOL;2023. február 15.;2796.0;377408.0
MOL;2023. február 16.;2792.0;573562.0
MOL;2023. február 17.;2748.0;321599.0
MOL;2023. február 20.;2700.0;272459.0
MOL;2023. február 21.;2722.0;293846.0
MOL;2023. február 22.;2704.0;269639.0
MOL;2023. február 23.;2778.0;331017.0
MOL;2023. február 24.;2778.0;178318.0
MOL;2023. február 27.;2788.0;427563.0
MOL;2023. február 28.;2722.0;1416209.0
MOL;2023. március 1.;2714.0;281221.0
MOL;2023. március 2.;2672.0;514385.0
MOL;2023. március 3.;2662.0;502233.0
MOL;2023. március 6.;2690.0;197631.0
MOL;2023. március 7.;2634.0;572923.0
MOL;2023. március 8.;2620.0;748891.0
MOL;2023. március 9.;2580.0;385038.0
MOL;2023. március 10.;2564.0;268313.0
MOL;2023. március 13.;2538.0;848369.0
MOL;2023. március 14.;2460.0;643327.0
MOL;2023. március 16.;2398.0;1345866.0
MOL;2023. március 17.;2418.0;1200645.0
MOL;2023. március 20.;2500.0;714295.0
MOL;2023. március 21.;2500.0;595827.0
MOL;2023. március 22.;2460.0;499487.0
MOL;2023. március 23.;2546.0;418852.0
MOL;2023. március 24.;2474.0;387326.0
MOL;2023. március 27.;2492.0;217364.0
MOL;2023. március 28.;2542.0;533654.0
MOL;2023. március 29.;2554.0;369509.0
MOL;2023. március 30.;2500.0;929220.0
MOL;2023. március 31.;2564.0;567193.0
MOL;2023. április 3.;2602.0;486411.0
MOL;2023. április 4.;2678.0;517199.0
MOL;2023. április 5.;2704.0;677263.0
MOL;2023. április 6.;2714.0;557530.0
MOL;2023. április 11.;2710.0;604699.0
MOL;2023. április 12.;2658.0;489384.0
MOL;2023. április 13.;2612.0;909934.0
MOL;2023. április 14.;2698.0;515983.0
MOL;2023. április 17.;2714.0;363629.0
MOL;2023. április 18.;2714.0;221399.0
MOL;2023. április 19.;2670.0;416729.0
MOL;2023. április 20.;2680.0;177360.0
MOL;2023. április 21.;2708.0;396439.0
MOL;2023. április 24.;2648.0;683104.0
MOL;2023. április 25.;2616.0;912238.0
MOL;2023. április 26.;2628.0;459774.0
MOL;2023. április 27.;2734.0;673888.0
MOL;2023. április 28.;2742.0;684725.0
MOL;2023. május 2.;2750.0;627680.0
MOL;2023. május 3.;2806.0;620886.0
MOL;2023. május 4.;2800.0;452288.0
MOL;2023. május 5.;2780.0;362838.0
MOL;2023. május 8.;2766.0;438566.0
MOL;2023. május 9.;2796.0;329614.0
MOL;2023. május 10.;2804.0;488987.0
MOL;2023. május 11.;2766.0;681568.0
MOL;2023. május 12.;2748.0;703755.0
MOL;2023. május 15.;2742.0;470132.0
MOL;2023. május 16.;2756.0;476494.0
MOL;2023. május 17.;2784.0;434732.0
MOL;2023. május 18.;2808.0;491590.0
MOL;2023. május 19.;2782.0;764321.0
MOL;2023. május 22.;2802.0;286373.0
MOL;2023. május 23.;2778.0;278680.0
MOL;2023. május 24.;2772.0;355978.0
MOL;2023. május 25.;2830.0;549053.0
MOL;2023. május 26.;2866.0;678485.0
MOL;2023. május 30.;2836.0;836334.0
MOL;2023. május 31.;2820.0;3188556.0
MOL;2023. június 1.;2830.0;602438.0
MOL;2023. június 2.;2906.0;668773.0
MOL;2023. június 5.;2956.0;826106.0
MOL;2023. június 6.;2972.0;1008716.0
MOL;2023. június 7.;2986.0;1053887.0
MOL;2023. június 8.;3010.0;688205.0
MOL;2023. június 9.;3000.0;747843.0
MOL;2023. június 12.;3040.0;550802.0
MOL;2023. június 13.;3040.0;887295.0
MOL;2023. június 14.;3000.0;1148831.0
MOL;2023. június 15.;2976.0;1568129.0
MOL;2023. június 16.;2960.0;3276067.0
MOL;2023. június 19.;2956.0;466796.0
MOL;2023. június 20.;2992.0;494421.0
MOL;2023. június 21.;3002.0;699843.0
MOL;2023. június 22.;2996.0;263226.0
MOL;2023. június 23.;3018.0;541182.0
MOL;2023. június 26.;2986.0;591109.0
MOL;2023. június 27.;2952.0;698228.0
MOL;2023. június 28.;2986.0;413635.0
MOL;2023. június 29.;2998.0;287889.0
MOL;2023. június 30.;2988.0;546390.0
MOL;2023. július 3.;2998.0;375698.0
MOL;2023. július 4.;3004.0;314757.0
MOL;2023. július 5.;3040.0;495733.0
MOL;2023. július 6.;3006.0;701890.0
MOL;2023. július 7.;3004.0;401026.0
MOL;2023. július 10.;3004.0;538739.0
MOL;2023. július 11.;3026.0;521127.0
MOL;2023. július 12.;3072.0;863319.0
MOL;2023. július 13.;3080.0;1088258.0
MOL;2023. július 14.;3096.0;574331.0
MOL;2023. július 17.;3120.0;757434.0
MOL;2023. július 18.;3140.0;708918.0
MOL;2023. július 19.;3190.0;1826012.0
MOL;2023. július 20.;2870.0;1425829.0
MOL;2023. július 21.;2880.0;662882.0
MOL;2023. július 24.;2816.0;657596.0
MOL;2023. július 25.;2834.0;603466.0
MOL;2023. július 26.;2806.0;552685.0
MOL;2023. július 27.;2766.0;574243.0
MOL;2023. július 28.;2778.0;766408.0
MOL;2023. július 31.;2780.0;707271.0
MOL;2023. augusztus 1.;2792.0;482172.0
MOL;2023. augusztus 2.;2804.0;638974.0
MOL;2023. augusztus 3.;2780.0;429790.0
MOL;2023. augusztus 4.;2738.0;758528.0
MOL;2023. augusztus 7.;2710.0;521044.0
MOL;2023. augusztus 8.;2656.0;1202443.0
MOL;2023. augusztus 9.;2698.0;689280.0
MOL;2023. augusztus 10.;2680.0;681504.0
MOL;2023. augusztus 11.;2670.0;365823.0
MOL;2023. augusztus 14.;2692.0;812024.0
MOL;2023. augusztus 15.;2668.0;334145.0
MOL;2023. augusztus 16.;2662.0;337392.0
MOL;2023. augusztus 17.;2696.0;380752.0
MOL;2023. augusztus 18.;2652.0;530176.0
MOL;2023. augusztus 21.;2708.0;580743.0
MOL;2023. augusztus 22.;2698.0;375807.0
MOL;2023. augusztus 23.;2734.0;536368.0
MOL;2023. augusztus 24.;2744.0;350953.0
MOL;2023. augusztus 25.;2746.0;469909.0
MOL;2023. augusztus 28.;2722.0;137527.0
MOL;2023. augusztus 29.;2730.0;239573.0
MOL;2023. augusztus 30.;2682.0;301988.0
MOL;2023. augusztus 31.;2662.0;1234790.0
MOL;2023. szeptember 1.;2662.0;260938.0
MOL;2023. szeptember 4.;2668.0;378973.0
MOL;2023. szeptember 5.;2702.0;453175.0
MOL;2023. szeptember 6.;2660.0;560676.0
MOL;2023. szeptember 7.;2680.0;335671.0