Dátum;Price
2017. január 2.;1.0
2017. január 3.;1.0070718565655628
2017. január 4.;0.010178245411742096
2017. január 5.;0.9933915506254425
2017. január 6.;0.9971489665003563
2017. január 9.;1.0007147962830594
2017. január 10.;0.9985714285714286
2017. január 11.;97.8624701955174
2017. január 12.;0.010233040440975822
2017. január 13.;1.0
2017. január 16.;1.0
2017. január 17.;0.9942857142857143
2017. január 18.;103.88199233716475
2017. január 19.;0.009577899325789653
2017. január 20.;1.0036101083032491
2017. január 23.;100.52796163069544
2017. január 24.;0.009735172766516158
2017. január 25.;0.9931389365351629
2017. január 26.;94.77897853441895
2017. január 27.;0.9695735295955217
2017. január 30.;0.010911496593379214
2017. január 31.;0.9965551181102362
2017. február 1.;89.07733333333333
2017. február 2.;0.01108760538768921
2017. február 3.;1.01975
2017. február 6.;91.30943858788919
2017. február 7.;0.010847058621371069
2017. február 8.;1.0004950495049505
2017. február 9.;1.0118753092528452
2017. február 10.;1.0
2017. február 13.;1.0
2017. február 14.;1.000244498777506
2017. február 15.;98.18391591297971
2017. február 16.;0.010456334347763739
2017. február 17.;0.9871428571428571
2017. február 20.;1.0033767486734202
2017. február 21.;1.0173076923076922
2017. február 22.;0.9936200378071833
2017. február 23.;98.99643281807373
2017. február 24.;0.010024502738541366
2017. február 27.;0.9988018212317278
2017. február 28.;0.9572936660268714
2017. március 1.;1.0506265664160401
2017. március 2.;94.42442748091604
2017. március 3.;1.0147619971543138
2017. március 6.;0.010351771004286102
2017. március 7.;0.9663299663299664
2017. március 8.;89.78675958188153
2017. március 9.;0.011511706293768322
2017. március 10.;0.991813147122562
2017. március 13.;1.002670551104637
2017. március 14.;101.50159806295399
2017. március 16.;0.010007118293441628
2017. március 17.;1.0011918951132301
2017. március 20.;0.9904761904761905
2017. március 21.;0.9788461538461538
2017. március 22.;95.05422396856582
2017. március 23.;0.010646906119142006
2017. március 24.;0.9915069157971366
2017. március 27.;0.9899657366617719
2017. március 28.;1.0029666254635352
2017. március 29.;0.9958097116095637
2017. március 30.;1.0007425742574256
2017. március 31.;0.9794706900816226
2017. április 3.;90.36404040404041
2017. április 4.;0.011289911513921244
2017. április 5.;95.0839603960396
2017. április 6.;0.01072527875311866
2017. április 7.;1.0070388349514563
2017. április 10.;1.0079537237888647
2017. április 11.;0.9978479196556671
2017. április 12.;1.0019170860292355
2017. április 13.;103.05898110499881
2017. április 18.;0.00974727633249909
2017. április 19.;1.0042857142857142
2017. április 20.;1.0123281175912755
2017. április 21.;0.9953161592505855
2017. április 24.;1.0070588235294118
2017. április 25.;1.0058411214953271
2017. április 26.;1.005807200929152
2017. április 27.;1.003002309468822
2017. április 28.;0.9970066774119273
2017. május 2.;104.91122401847575
2017. május 3.;0.942109638061962
2017. május 4.;0.009979718109765216
2017. május 5.;114.56988995551393
2017. május 8.;0.008996010855704149
2017. május 9.;111.16038164470694
2017. május 10.;0.008971487427655887
2017. május 11.;1.0164009111617311
2017. május 12.;1.028686687584043
2017. május 15.;0.9934640522875817
2017. május 16.;0.9890350877192983
2017. május 17.;110.44221729490022
2017. május 18.;0.00902439376953445
2017. május 19.;0.9935483870967742
2017. május 22.;1.00089565606807
2017. május 23.;0.9883668903803132
2017. május 24.;0.9911724762335898
2017. május 25.;117.08243891299384
2017. május 26.;0.008617057795531145
2017. május 29.;1.001584427342689
2017. május 30.;0.9927683615819209
2017. május 31.;1.015934441156385
2017. június 1.;0.9997759354694152
2017. június 2.;1.0026893769610041
2017. június 6.;0.9910594546267323
2017. június 7.;0.9981957600360848
2017. június 8.;1.0072300045187528
2017. június 9.;116.3183490354419
2017. június 12.;1.0
2017. június 13.;0.00860288128062402
2017. június 14.;0.9878950907868191
2017. június 15.;107.71917404129793
2017. június 16.;0.00906010805563888
2017. június 19.;1.023715415019763
2017. június 20.;1.0015898251192368
2017. június 21.;0.9884353741496599
2017. június 22.;1.0006882312456986
2017. június 23.;0.9963319578175149
2017. június 26.;1.0034514496088358
2017. június 27.;0.9800504471451502
2017. június 28.;0.9880673841834348
2017. június 29.;0.9985792090930619
2017. június 30.;1.0066397913208442
2017. július 3.;0.9773851590106007
2017. július 4.;1.0007230657989876
2017. július 5.;103.07514450867052
2017. július 6.;0.009956351876775833
2017. július 7.;0.9943675193616522
2017. július 10.;0.995751711116356
2017. július 11.;105.59355297463854
2017. július 12.;0.009645359632520103
2017. július 13.;1.0232720502676287
2017. július 14.;0.9854446213327268
2017. július 17.;1.0133856450496193
2017. július 18.;110.10776588476429
2017. július 19.;0.9697826108539035
2017. július 20.;0.009254093214034656
2017. július 21.;0.9949297073058309
2017. július 24.;0.9986101459346769
2017. július 25.;0.9942008814660172
2017. július 26.;1.0172655156322912
2017. július 27.;1.006651376146789
2017. július 28.;114.81831852358168
2017. július 31.;0.008822520883537962
2017. augusztus 1.;1.0011246063877643
2017. augusztus 2.;116.50128061109864
2017. augusztus 3.;1.0507170803352135
2017. augusztus 4.;0.00857122300890673
2017. augusztus 7.;1.0107066381156318
2017. augusztus 8.;1.0
2017. augusztus 9.;0.9851694915254238
2017. augusztus 10.;1.0098924731182797
2017. augusztus 11.;125.97887563884157
2017. augusztus 14.;0.007880367168990772
2017. augusztus 15.;0.9843414843414844
2017. augusztus 16.;1.0056657223796035
2017. augusztus 17.;1.0121343445287108
2017. augusztus 18.;0.9912224363091415
2017. augusztus 21.;1.005183585313175
2017. augusztus 22.;128.3712935109583
2017. augusztus 23.;0.0078836368505624
2017. augusztus 24.;1.0087048832271763
2017. augusztus 25.;1.0035781940644075
2017. augusztus 28.;0.9976929530201343
2017. augusztus 29.;0.9764557494219046
2017. augusztus 30.;129.8783207750269
2017. augusztus 31.;1.0435906888421522
2017. szeptember 1.;0.9814353133124433
2017. szeptember 4.;0.007572491351272968
2017. szeptember 5.;1.007693951699081
2017. szeptember 6.;1.002120890774125
2017. szeptember 7.;1.0074074074074073
2017. szeptember 8.;127.35428571428571
2017. szeptember 11.;1.0385611237360741
2017. szeptember 12.;1.0092810726602268
2017. szeptember 13.;0.007574450887719978
2017. szeptember 14.;1.007895283606898
2017. szeptember 15.;1.010513296227582
2017. szeptember 18.;0.9918400652794778
2017. szeptember 19.;1.0086384204031262
2017. szeptember 20.;0.9987765089722676
2017. szeptember 21.;0.9959167006941608
2017. szeptember 22.;1.001640016400164
2017. szeptember 25.;1.0010642652476462
2017. szeptember 26.;0.9941118743866536
2017. szeptember 27.;1.0069101678183614
2017. szeptember 28.;0.9738562091503268
2017. szeptember 29.;1.0067114093959733
2017. október 2.;1.0033333333333334
2017. október 3.;1.003986710963455
2017. október 4.;0.9894109861019192
2017. október 5.;0.9966555183946488
2017. október 6.;0.9939597315436242
2017. október 9.;1.0094530722484807
2017. október 10.;1.0053511705685618
2017. október 11.;1.004657351962741
2017. október 12.;1.0264900662251655
2017. október 13.;1.0232258064516129
2017. október 16.;1.0044136191677175
2017. október 17.;0.9817953546767106
2017. október 18.;1.004156010230179
2017. október 19.;1.0184654568608724
2017. október 20.;0.9987496092528916
2017. október 24.;0.996244131455399
2017. október 25.;1.0179076343072573
2017. október 26.;1.0037037037037038
2017. október 27.;0.9873923739237392
2017. október 30.;1.0105886016817192
2017. október 31.;0.9864406779661017
2017. november 2.;1.0309278350515463
2017. november 3.;0.9606060606060606
2017. november 6.;1.0176656151419559
2017. november 7.;0.9981401115933044
2017. november 8.;1.0217391304347827
2017. november 9.;1.011550151975684
2017. november 10.;0.9819711538461539
2017. november 13.;0.976438188494492
2017. november 14.;0.9877781259793168
2017. november 15.;0.9733502538071066
2017. november 16.;1.0185788787483703
2017. november 17.;1.02368
2017. november 20.;1.0034385745545482
2017. november 21.;1.0034267912772585
2017. november 22.;1.0183172927662216
2017. november 23.;0.9868902439024391
2017. november 24.;0.9851714550509731
2017. november 27.;0.9877704609595485
2017. november 28.;0.9907936507936508
2017. november 29.;0.987824415251522
2017. november 30.;0.9892961401232566
2017. december 1.;0.9773770491803279
2017. december 4.;1.004360952700436
2017. december 5.;0.978623914495658
2017. december 6.;1.0
2017. december 7.;1.0296928327645052
2017. december 8.;1.0112694729864102
2017. december 11.;0.9587020648967551
2017. december 12.;1.0034188034188034
2017. december 13.;1.017717206132879
2017. december 14.;1.0207566119852696
2017. december 15.;0.9872089209576911
2017. december 18.;0.9800664451827242
2017. december 19.;1.0084745762711864
2017. december 20.;0.998655462184874
2017. december 21.;0.9996634129922585
2017. december 22.;1.0016835016835017
2017. december 27.;1.011764705882353
2017. december 28.;0.986046511627907
2017. december 29.;1.012466307277628
2018. január 2.;1.0076539101497504
2018. január 3.;1.0059445178335535
2018. január 4.;1.005252790544977
2018. január 5.;1.0058785107772699
2018. január 8.;1.0032467532467533
2018. január 9.;0.997411003236246
2018. január 10.;0.9831278390655419
2018. január 11.;0.998019801980198
2018. január 12.;1.0066137566137565
2018. január 15.;0.9908015768725361
2018. január 16.;0.9980106100795756
2018. január 17.;1.0019933554817275
2018. január 18.;1.0059681697612732
2018. január 19.;1.021094264996704
2018. január 22.;1.0316333118140737
2018. január 23.;1.0012515644555695
2018. január 24.;0.990625
2018. január 25.;0.9817034700315458
2018. január 26.;1.0083547557840618
2018. január 29.;0.9878903760356915
2018. január 30.;0.9793548387096774
2018. január 31.;1.0059288537549407
2018. február 1.;1.0085134250163719
2018. február 2.;0.987012987012987
2018. február 5.;0.9967105263157895
2018. február 6.;0.9735973597359736
2018. február 7.;1.0108474576271187
2018. február 8.;0.9691482226693494
2018. február 9.;0.9889273356401385
2018. február 12.;1.0160951714485655
2018. február 13.;0.9972451790633609
2018. február 14.;1.0006906077348066
2018. február 15.;0.989648033126294
2018. február 16.;1.0
2018. február 19.;1.00976290097629
2018. február 20.;0.9937845303867403
2018. február 21.;0.9881862404447533
2018. február 22.;0.9866385372714487
2018. február 23.;0.9871703492516037
2018. február 26.;1.0108303249097472
2018. február 27.;1.0114285714285713
2018. február 28.;0.9943502824858758
2018. március 1.;0.9971590909090909
2018. március 2.;0.967948717948718
2018. március 5.;1.0191317144959529
2018. március 6.;1.0382671480144405
2018. március 7.;1.0222531293463144
2018. március 8.;1.021768707482993
2018. március 9.;0.9913448735019973
2018. március 12.;1.0120886501007387
2018. március 13.;0.9966821499668215
2018. március 14.;1.0026631158455392
2018. március 19.;0.9628154050464808
2018. március 20.;0.9972413793103448
2018. március 21.;1.0193637621023512
2018. március 22.;0.9620081411126187
2018. március 23.;0.9943582510578279
2018. március 26.;1.000709219858156
2018. március 27.;1.0007087172218285
2018. március 28.;0.9709631728045326
2018. március 29.;1.0109409190371992
2018. április 3.;1.0317460317460319
2018. április 4.;0.9804195804195804
2018. április 5.;1.0213980028530671
2018. április 6.;1.0048882681564246
2018. április 9.;1.0277970813064627
2018. április 10.;0.9858012170385395
2018. április 11.;1.0171467764060356
2018. április 12.;0.9986513823331086
2018. április 13.;1.0033760972316004
2018. április 16.;0.9986541049798116
2018. április 17.;1.0067385444743935
2018. április 18.;1.0254350736278448
2018. április 19.;0.9954308093994778
2018. április 20.;0.979672131147541
2018. április 23.;0.9939759036144579
2018. április 24.;0.9845117845117846
2018. április 25.;1.0075239398084814
2018. április 26.;1.011541072640869
2018. április 27.;1.0073825503355704
2018. május 2.;0.9733510992671552
2018. május 3.;1.0123203285420945
2018. május 4.;0.9702501690331304
2018. május 7.;0.9881533101045297
2018. május 8.;0.9837799717912553
2018. május 9.;0.967741935483871
2018. május 10.;1.0096296296296297
2018. május 11.;1.0308143800440206
2018. május 14.;1.0206405693950178
2018. május 15.;0.9916317991631799
2018. május 16.;0.9880450070323488
2018. május 17.;0.9807829181494662
2018. május 18.;0.9804063860667634
2018. május 22.;0.9674315321983715
2018. május 23.;0.9747513389441469
2018. május 24.;1.0180533751962324
2018. május 25.;1.0115651503469545
2018. május 28.;0.9832317073170732
2018. május 29.;0.9891472868217054
2018. május 30.;0.9835423197492164
2018. május 31.;1.0270916334661355
2018. június 1.;1.0256012412723041
2018. június 4.;1.0476550680786687
2018. június 5.;0.9747292418772563
2018. június 6.;1.0185185185185186
2018. június 7.;1.0087272727272727
2018. június 8.;0.9790915645277577
2018. június 11.;0.9970544918998527
2018. június 12.;1.000738552437223
2018. június 13.;0.9712177121771217
2018. június 14.;1.027355623100304
2018. június 15.;0.996301775147929
2018. június 18.;0.9844097995545658
2018. június 19.;0.978129713423831
2018. június 20.;1.0046260601387818
2018. június 21.;0.9907904834996163
2018. június 22.;1.0123934934159566
2018. június 25.;0.9885233358837031
2018. június 26.;1.021671826625387
2018. június 27.;1.0159090909090909
2018. június 28.;0.9895600298284862
2018. június 29.;1.025621703089676
2018. július 2.;0.9933872152828802
2018. július 3.;1.0170118343195267
2018. július 4.;1.0101818181818183
2018. július 5.;0.9906407487401008
2018. július 6.;0.9738372093023255
2018. július 9.;0.9955223880597015
2018. július 10.;1.0119940029985008
2018. július 11.;0.9888888888888889
2018. július 12.;1.0254681647940076
2018. július 13.;0.9941563184806428
2018. július 16.;0.9772226304188097
2018. július 17.;0.987218045112782
2018. július 18.;1.0091393754760092
2018. július 19.;1.0052830188679245
2018. július 20.;1.0165165165165164
2018. július 23.;0.9970457902511078
2018. július 24.;0.9925925925925926
2018. július 25.;0.9888059701492538
2018. július 26.;1.0158490566037737
2018. július 27.;1.0066864784546805
2018. július 30.;1.003690036900369
2018. július 31.;0.9897058823529412
2018. augusztus 1.;1.0215453194650816
2018. augusztus 2.;0.9832727272727273
2018. augusztus 3.;1.0362426035502958
2018. augusztus 6.;1.025695931477516
2018. augusztus 7.;0.9923451635351427
2018. augusztus 8.;0.9817671809256662
2018. augusztus 9.;0.9892857142857143
2018. augusztus 10.;0.9985559566787003
2018. augusztus 13.;1.002892263195951
2018. augusztus 14.;1.0194664744051911
2018. augusztus 15.;0.9957567185289957
2018. augusztus 16.;0.9943181818181818
2018. augusztus 17.;0.9785714285714285
2018. augusztus 21.;1.045985401459854
2018. augusztus 22.;0.988834612700628
2018. augusztus 23.;0.9887085391672548
2018. augusztus 24.;1.0042826552462527
2018. augusztus 27.;1.015636105188344
2018. augusztus 28.;1.0076976906927921
2018. augusztus 29.;0.9944444444444445
2018. augusztus 30.;1.0104748603351956
2018. augusztus 31.;0.9917069799585349
2018. szeptember 3.;0.997212543554007
2018. szeptember 4.;1.0153738644304682
2018. szeptember 5.;1.012388162422574
2018. szeptember 6.;1.0067980965329708
2018. szeptember 7.;0.9993247805536799
2018. szeptember 10.;0.9932432432432432
2018. szeptember 11.;0.9741496598639455
2018. szeptember 12.;0.9916201117318436
2018. szeptember 13.;1.0070422535211268
2018. szeptember 14.;1.0104895104895104
2018. szeptember 17.;0.9847750865051903
2018. szeptember 18.;1.0154602951510892
2018. szeptember 19.;1.013840830449827
2018. szeptember 20.;0.9863481228668942
2018. szeptember 21.;0.9792387543252595
2018. szeptember 24.;1.0035335689045937
2018. szeptember 25.;1.0063380281690142
2018. szeptember 26.;1.0181945416375087
2018. szeptember 27.;1.0274914089347078
2018. szeptember 28.;1.0033444816053512
2018. október 1.;0.99
2018. október 2.;0.9952861952861953
2018. október 3.;1.0094722598105548
2018. október 4.;1.0120643431635388
2018. október 5.;1.0006622516556292
2018. október 8.;0.986101919258769
2018. október 9.;1.0201342281879195
2018. október 10.;0.993421052631579
2018. október 11.;0.9609271523178808
2018. október 12.;1.022053756030324
2018. október 15.;1.0013486176668915
2018. október 16.;1.0309764309764309
2018. október 17.;0.992815153494448
2018. október 18.;1.0
2018. október 19.;0.9815789473684211
2018. október 24.;0.9631367292225201
2018. október 25.;1.0090466249130132
2018. október 26.;0.9841379310344828
2018. október 29.;1.0056061667834617
2018. október 30.;1.0369337979094078
2018. október 31.;1.0100806451612903
2018. november 5.;1.0113107119095144
2018. november 6.;0.9822368421052632
2018. november 7.;1.000669792364367
2018. november 8.;1.0214190093708166
2018. november 9.;1.008519003931848
2018. november 12.;0.9792072774528915
2018. november 13.;0.9880557398805574
2018. november 14.;1.0369375419744795
2018. november 15.;1.0064766839378239
2018. november 16.;1.0006435006435006
2018. november 19.;0.9954983922829582
2018. november 20.;1.0045219638242895
2018. november 21.;1.0090032154340836
2018. november 22.;1.0070108349267048
2018. november 23.;0.9962025316455696
2018. november 26.;1.0076238881829733
2018. november 27.;1.0031525851197982
2018. november 28.;0.9949717159019484
2018. november 29.;1.003790271636134
2018. november 30.;0.9955947136563876
2018. december 3.;1.0082174462705435
2018. december 4.;1.0050156739811913
2018. december 5.;0.9806612601372426
2018. december 6.;0.9910941475826972
2018. december 7.;0.9897304236200257
2018. december 10.;0.9928664072632944
2018. december 11.;1.015676028739386
2018. december 12.;0.9980707395498393
2018. december 13.;0.9974226804123711
2018. december 14.;1.0161498708010337
2018. december 17.;0.9790209790209791
2018. december 18.;0.9928571428571429
2018. december 19.;1.0340091563113145
2018. december 20.;0.9772296015180265
2018. december 21.;1.0103559870550163
2018. december 27.;0.9839846252402307
2018. december 28.;1.001953125
2019. január 2.;1.0058479532163742
2019. január 3.;0.9967700258397932
2019. január 4.;1.002592352559948
2019. január 7.;1.0277957336780865
2019. január 8.;1.0188679245283019
2019. január 9.;0.991358024691358
2019. január 10.;1.0024906600249066
2019. január 11.;1.0024844720496895
2019. január 14.;0.9919454770755886
2019. január 15.;0.9925046845721424
2019. január 16.;1.0094398993077407
2019. január 17.;0.9975062344139651
2019. január 18.;1.013125
2019. január 21.;0.9839605181986428
2019. január 22.;1.0188087774294672
2019. január 23.;1.0018461538461538
2019. január 24.;1.0073710073710074
2019. január 25.;0.9945121951219512
2019. január 28.;1.011036174126303
2019. január 29.;0.9975742874469375
2019. január 30.;1.0006079027355623
2019. január 31.;1.003037667071689
2019. február 1.;0.9945487583282859
2019. február 4.;1.0054811205846528
2019. február 5.;0.9788007268322229
2019. február 6.;1.004331683168317
2019. február 7.;1.0
2019. február 8.;0.973505853357979
2019. február 11.;0.9987341772151899
2019. február 12.;1.025982256020279
2019. február 13.;1.0142063001852997
2019. február 14.;0.9987819732034104
2019. február 15.;1.002439024390244
2019. február 18.;1.00669099756691
2019. február 19.;0.9969788519637462
2019. február 20.;1.0096969696969698
2019. február 21.;0.9921968787515006
2019. február 22.;0.9927404718693285
2019. február 25.;1.0024375380865327
2019. február 26.;0.9945288753799392
2019. február 27.;0.9981662591687042
2019. február 28.;0.9920391916717698
2019. március 1.;0.9907407407407407
2019. március 4.;1.0124610591900312
2019. március 5.;1.011076923076923
2019. március 6.;1.0139987827145465
2019. március 7.;0.9873949579831933
2019. március 8.;0.990273556231003
2019. március 11.;1.0067526089625538
2019. március 12.;0.9969512195121951
2019. március 13.;0.9975535168195718
2019. március 14.;1.020232985898222
2019. március 18.;1.0048076923076923
2019. március 19.;1.0017942583732058
2019. március 20.;1.0047761194029852
2019. március 21.;0.9994058229352347
2019. március 22.;0.9869203329369798
2019. március 25.;0.9909638554216867
2019. március 26.;1.0030395136778116
2019. március 27.;0.9945454545454545
2019. március 28.;0.9945155393053017
2019. március 29.;1.0042892156862746
2019. április 1.;1.0128126906650396
2019. április 2.;0.9975903614457832
2019. április 3.;0.9957729468599034
2019. április 4.;0.9872650090964221
2019. április 5.;0.992014742014742
2019. április 8.;1.0086687306501547
2019. április 9.;1.0061387354205034
2019. április 10.;1.0006101281269066
2019. április 11.;0.999390243902439
2019. április 12.;1.0158633312995728
2019. április 15.;0.9903903903903903
2019. április 16.;0.9963614311704063
2019. április 17.;1.0
2019. április 18.;1.007303712720633
2019. április 23.;1.0211480362537764
2019. április 24.;1.0207100591715976
2019. április 25.;0.9860869565217392
2019. április 26.;0.993533215755438
2019. április 29.;0.9899408284023669
2019. április 30.;0.9910340705319785
2019. május 2.;0.9939686369119421
2019. május 3.;0.9696601941747572
2019. május 6.;0.9856070087609512
2019. május 7.;0.9828571428571429
2019. május 8.;0.9993540051679587
2019. május 9.;0.9877181641887525
2019. május 10.;1.018979057591623
2019. május 13.;1.0044958253050738
2019. május 14.;1.0172634271099745
2019. május 15.;1.0043997485857952
2019. május 16.;1.0075093867334168
2019. május 17.;0.977639751552795
2019. május 20.;0.9961880559085133
2019. május 21.;1.0044642857142858
2019. május 22.;1.0184126984126984
2019. május 23.;0.9918952618453866
2019. május 24.;1.0087994971715901
2019. május 27.;0.9906542056074766
2019. május 28.;1.0220125786163523
2019. május 29.;0.9981538461538462
2019. május 30.;1.0110974106041923
2019. május 31.;0.998780487804878
2019. június 3.;1.007936507936508
2019. június 4.;1.0109024833434281
2019. június 5.;0.987417615338526
2019. június 6.;0.9908980582524272
2019. június 7.;1.0061236987140232
2019. június 11.;1.006086427267194
2019. június 12.;0.9921355111917726
2019. június 13.;0.9975609756097561
2019. június 14.;0.9993887530562348
2019. június 17.;0.963302752293578
2019. június 18.;0.9987301587301587
2019. június 19.;1.0063572790845519
2019. június 20.;0.9949463044851548
2019. június 21.;0.986031746031746
2019. június 24.;0.9993560849967804
2019. június 25.;0.9896907216494846
2019. június 26.;1.0026041666666667
2019. június 27.;1.0233766233766233
2019. június 28.;1.0
2019. július 1.;0.9892131979695431
2019. július 2.;0.9955099422706863
2019. július 3.;0.9890463917525774
2019. július 4.;0.9980456026058632
2019. július 5.;0.9986945169712794
2019. július 8.;0.9954248366013072
2019. július 9.;0.9730794484569928
2019. július 10.;0.9993252361673415
2019. július 11.;0.9993247805536799
2019. július 12.;1.0
2019. július 15.;1.0087837837837839
2019. július 16.;1.0113864701942399
2019. július 17.;0.9960264900662251
2019. július 18.;1.007313829787234
2019. július 19.;1.0184818481848186
2019. július 22.;1.0051847051198963
2019. július 23.;0.9935525467440361
2019. július 24.;1.0058403634003894
2019. július 25.;0.9961290322580645
2019. július 26.;0.9786269430051814
2019. július 29.;1.00066181336863
2019. július 30.;0.9933862433862434
2019. július 31.;0.9986684420772304
2019. augusztus 1.;1.0013333333333334
2019. augusztus 2.;0.988681757656458
2019. augusztus 5.;0.98989898989899
2019. augusztus 6.;1.0122448979591836
2019. augusztus 7.;1.0
2019. augusztus 8.;1.002016129032258
2019. augusztus 9.;1.000670690811536
2019. augusztus 12.;1.0140750670241288
2019. augusztus 13.;0.991407799074686
2019. augusztus 14.;0.99
2019. augusztus 15.;0.9966329966329966
2019. augusztus 16.;1.002027027027027
2019. augusztus 21.;0.9730276466621712
2019. augusztus 22.;0.9854469854469855
2019. augusztus 23.;1.00070323488045
2019. augusztus 26.;1.0140548137737175
2019. augusztus 27.;0.9965349965349966
2019. augusztus 28.;0.9972183588317107
2019. augusztus 29.;1.0048814504881451
2019. augusztus 30.;1.0229007633587786
2019. szeptember 2.;0.9850746268656716
2019. szeptember 3.;0.9896694214876033
2019. szeptember 4.;1.0020876826722338
2019. szeptember 5.;1.0048611111111112
2019. szeptember 6.;1.0103662750518314
2019. szeptember 9.;1.0136798905608755
2019. szeptember 10.;0.9878542510121457
2019. szeptember 11.;0.9938524590163934
2019. szeptember 12.;0.993127147766323
2019. szeptember 13.;1.0027681660899654
2019. szeptember 16.;1.0269151138716357
2019. szeptember 17.;0.9899193548387096
2019. szeptember 18.;1.0183299389002036
2019. szeptember 19.;1.0
2019. szeptember 20.;1.002
2019. szeptember 23.;0.9906852960745176
2019. szeptember 24.;0.9993284083277367
2019. szeptember 25.;0.9919354838709677
2019. szeptember 26.;0.9898373983739838
2019. szeptember 27.;1.0061601642710472
2019. szeptember 30.;0.9829931972789115
2019. október 1.;0.9930795847750865
2019. október 2.;0.975609756097561
2019. október 3.;1.0014285714285713
2019. október 4.;1.007845934379458
2019. október 7.;1.0035385704175512
2019. október 8.;0.9943582510578279
2019. október 9.;1.004255319148936
2019. október 10.;0.998587570621469
2019. október 11.;1.0162659123055162
2019. október 14.;1.0055671537926236
2019. október 15.;0.9847750865051903
2019. október 16.;0.9873506676036542
2019. október 17.;1.0142348754448398
2019. október 18.;0.9985964912280701
2019. október 21.;1.0049191848208012
2019. október 22.;1.0188811188811189
2019. október 24.;1.0027453671928621
2019. október 25.;0.9801505817932923
2019. október 28.;0.9972067039106145
2019. október 29.;1.0287114845938374
2019. október 30.;1.0129339686861811
2019. október 31.;0.978494623655914
2019. november 4.;1.0315934065934067
2019. november 5.;1.0126498002663116
2019. november 6.;0.9868507560815253
2019. november 7.;1.0099933377748167
2019. november 8.;1.0039577836411608
2019. november 11.;0.9921156373193167
2019. november 12.;1.019205298013245
2019. november 13.;0.9798570500324886
2019. november 14.;0.9946949602122016
2019. november 15.;0.9973333333333333
2019. november 18.;1.01403743315508
2019. november 19.;0.989452867501648
2019. november 20.;1.0013324450366423
2019. november 21.;0.9713905522288756
2019. november 22.;1.0184931506849315
2019. november 25.;1.0107599193006052
2019. november 26.;0.9733865602129075
2019. november 27.;1.001367053998633
2019. november 28.;0.9972696245733789
2019. november 29.;1.004106776180698
2019. december 2.;0.972733469665985
2019. december 3.;0.9810791871058164
2019. december 4.;1.0157142857142858
2019. december 5.;1.0056258790436006
2019. december 6.;1.0041958041958041
2019. december 9.;1.0069637883008355
2019. december 10.;0.995850622406639
2019. december 11.;1.0
2019. december 12.;1.0069444444444444
2019. december 13.;1.0020689655172415
2019. december 16.;0.9917412250516173
2019. december 17.;0.9965301873698821
2019. december 18.;1.0041782729805013
2019. december 19.;1.0104022191400832
2019. december 20.;1.0034317089910776
2019. december 23.;1.0054719562243501
2019. december 30.;1.0
2020. január 2.;1.0068027210884354
2020. január 3.;0.9966216216216216
2020. január 6.;0.9769491525423729
2020. január 7.;0.9965301873698821
2020. január 8.;1.0055710306406684
2020. január 9.;1.0006925207756232
2020. január 10.;0.9972318339100346
2020. január 13.;1.0006939625260236
2020. január 14.;0.9882108183079057
2020. január 15.;0.9908771929824561
2020. január 16.;0.9985835694050992
2020. január 17.;1.0120567375886524
2020. január 20.;0.9817799579537492
2020. január 21.;0.9635974304068522
2020. január 22.;1.0177777777777777
2020. január 23.;0.9905385735080058
2020. január 24.;0.9955914768552535
2020. január 27.;0.9822878228782288
2020. január 28.;1.0022539444027048
2020. január 29.;0.9932533733133433
2020. január 30.;0.9841509433962264
2020. január 31.;0.9892638036809815
2020. február 3.;0.9961240310077519
2020. február 4.;1.0186770428015564
2020. február 5.;1.0
2020. február 6.;1.0129870129870129
2020. február 7.;0.9969834087481146
2020. február 10.;0.9962178517397882
2020. február 11.;0.9870918754745635
2020. február 12.;0.9846153846153847
2020. február 13.;1.0
2020. február 14.;0.9984375
2020. február 17.;1.017996870109546
2020. február 18.;1.0146041506533436
2020. február 19.;1.0106060606060605
2020. február 20.;0.9955022488755623
2020. február 21.;1.0150602409638554
2020. február 24.;0.9458456973293768
2020. február 25.;0.9756862745098039
2020. február 26.;1.0128617363344052
2020. február 27.;0.9753968253968254
2020. február 28.;0.9617575264442636
2020. március 2.;1.0313028764805414
2020. március 3.;1.0377358490566038
2020. március 4.;0.9770750988142293
2020. március 5.;0.9546925566343042
2020. március 6.;0.9610169491525423
2020. március 9.;0.8818342151675485
2020. március 10.;1.011
2020. március 11.;0.9475766567754699
2020. március 12.;0.9373695198329853
2020. március 13.;1.030066815144766
2020. március 16.;0.9297297297297298
2020. március 17.;0.9825581395348837
2020. március 18.;0.8887573964497042
2020. március 19.;1.0818908122503328
2020. március 20.;1.1335384615384616
2020. március 23.;1.015743756786102
2020. március 24.;1.0689470871191875
2020. március 25.;0.954
2020. március 26.;0.9785115303983228
2020. március 27.;1.0096411355115158
2020. március 30.;0.9809018567639257
2020. március 31.;1.0438074634937804
2020. április 1.;0.9787564766839378
2020. április 2.;1.0587612493382743
2020. április 3.;0.9425
2020. április 6.;1.0440318302387268
2020. április 7.;0.9705284552845529
2020. április 8.;1.0162303664921466
2020. április 9.;1.0530654301906235
2020. április 14.;1.0714285714285714
2020. április 15.;0.9269406392694064
2020. április 16.;0.9950738916256158
2020. április 17.;1.0277227722772277
2020. április 20.;0.9682080924855492
2020. április 21.;0.9467661691542288
2020. április 22.;1.0457172884918549
2020. április 23.;1.0100502512562815
2020. április 24.;1.0
2020. április 27.;0.9970149253731343
2020. április 28.;0.9875249500998003
2020. április 29.;1.035876705406771
2020. április 30.;0.9960975609756098
2020. május 4.;0.9951028403525954
2020. május 5.;1.0088582677165354
2020. május 6.;0.9951219512195122
2020. május 7.;1.0029411764705882
2020. május 8.;0.9980449657869013
2020. május 11.;1.0029382957884427
2020. május 12.;1.0009765625
2020. május 13.;0.975609756097561
2020. május 14.;0.996
2020. május 15.;1.0015060240963856
2020. május 18.;1.0426065162907268
2020. május 19.;0.9884615384615385
2020. május 20.;1.0
2020. május 21.;0.9922178988326849
2020. május 22.;0.9803921568627451
2020. május 25.;1.0
2020. május 26.;1.007
2020. május 27.;0.9895729890764647
2020. május 28.;0.9969894631209232
2020. május 29.;0.9914443885254152
2020. június 2.;0.9725888324873097
2020. június 3.;1.0501043841336117
2020. június 4.;0.9776341948310139
2020. június 5.;1.0167768174885612
2020. június 8.;1.02
2020. június 9.;0.9862745098039216
2020. június 10.;0.9801192842942346
2020. június 11.;0.9888438133874239
2020. június 12.;1.0061538461538462
2020. június 15.;0.9892966360856269
2020. június 16.;1.007212776919114
2020. június 17.;0.9861892583120204
2020. június 18.;0.9880705394190872
2020. június 19.;1.0047244094488188
2020. június 22.;0.9885057471264368
2020. június 23.;1.0216701902748415
2020. június 24.;0.9891360579410243
2020. június 25.;0.9952928870292888
2020. június 26.;0.9873883342091434
2020. június 29.;0.99308142629058
2020. június 30.;0.9957127545551983
2020. július 1.;0.9800861141011841
2020. július 2.;1.0214168039538716
2020. július 3.;0.9989247311827957
2020. július 6.;1.0005382131324003
2020. július 7.;0.9800968262506724
2020. július 8.;1.0241492864983535
2020. július 9.;0.9994640943193998
2020. július 10.;0.9833780160857909
2020. július 13.;0.9781897491821155
2020. július 14.;1.0011148272017838
2020. július 15.;1.0077951002227172
2020. július 16.;0.9895027624309393
2020. július 17.;0.9910664433277498
2020. július 20.;0.9859154929577465
2020. július 21.;1.0057142857142858
2020. július 22.;0.9948863636363636
2020. július 23.;1.0131353512278698
2020. július 24.;0.9746335963923337
2020. július 27.;1.006362058993638
2020. július 28.;0.993103448275862
2020. július 29.;1.0243055555555556
2020. július 30.;1.0197740112994351
2020. július 31.;0.9512465373961219
2020. augusztus 3.;1.0029120559114735
2020. augusztus 4.;0.9912891986062717
2020. augusztus 5.;1.0509666080843585
2020. augusztus 6.;0.9994425863991081
2020. augusztus 7.;1.0262130507529281
2020. augusztus 10.;0.9836956521739131
2020. augusztus 11.;0.9917127071823204
2020. augusztus 12.;1.0072423398328691
2020. augusztus 13.;0.9872787610619469
2020. augusztus 14.;0.9915966386554622
2020. augusztus 17.;1.005084745762712
2020. augusztus 18.;0.9713322091062394
2020. augusztus 19.;0.9947916666666666
2020. augusztus 24.;0.9947643979057592
2020. augusztus 25.;1.0017543859649123
2020. augusztus 26.;1.00758902510216
2020. augusztus 27.;0.9791425260718424
2020. augusztus 28.;0.9881656804733728
2020. augusztus 31.;1.0035928143712576
2020. szeptember 1.;1.005966587112172
2020. szeptember 2.;0.9827995255041518
2020. szeptember 3.;1.0108630054315026
2020. szeptember 4.;1.0095522388059701
2020. szeptember 7.;1.0070963926670609
2020. szeptember 8.;0.9653552554315913
2020. szeptember 9.;1.0121654501216546
2020. szeptember 10.;1.0078125
2020. szeptember 11.;0.9952295766249255
2020. szeptember 14.;0.9868184541641701
2020. szeptember 15.;0.9805707346690953
2020. szeptember 16.;1.0030959752321982
2020. szeptember 17.;1.0
2020. szeptember 18.;1.0061728395061729
2020. szeptember 21.;0.9809815950920245
2020. szeptember 22.;1.022514071294559
2020. szeptember 23.;0.9896024464831804
2020. szeptember 24.;0.9592088998763906
2020. szeptember 25.;1.0045103092783505
2020. szeptember 28.;1.0673508659397049
2020. szeptember 29.;0.9933894230769231
2020. szeptember 30.;1.0229885057471264
2020. október 1.;0.9994086339444116
2020. október 2.;0.9857988165680474
2020. október 5.;1.0054021608643458
2020. október 6.;0.9976119402985074
2020. október 7.;0.9814482345900658
2020. október 8.;1.0182926829268293
2020. október 9.;1.0
2020. október 12.;0.9610778443113772
2020. október 13.;1.0218068535825544
2020. október 14.;1.0085365853658537
2020. október 15.;1.0012091898428053
2020. október 16.;1.0054347826086956
2020. október 19.;1.0054054054054054
2020. október 20.;0.977299880525687
2020. október 21.;0.9957212713936431
2020. október 22.;0.994475138121547
2020. október 26.;0.9635802469135802
2020. október 27.;1.0089686098654709
2020. október 28.;0.9765079365079365
2020. október 29.;0.9843953185955787
2020. október 30.;1.0085865257595772
2020. november 2.;0.9954158480681073
2020. november 3.;1.0263157894736843
2020. november 4.;1.0371794871794873
2020. november 5.;1.0030902348578492
2020. november 6.;1.0141712877387554
2020. november 9.;1.0449574726609963
2020. november 10.;1.0744186046511628
2020. november 11.;1.025974025974026
2020. november 12.;0.9889240506329114
2020. november 13.;1.0106666666666666
2020. november 16.;1.0116094986807387
2020. november 17.;1.029733959311424
2020. november 18.;1.0192502532928065
2020. november 19.;0.9835984095427436
2020. november 20.;1.0101061141990904
2020. november 23.;1.006503251625813
2020. november 24.;1.02882703777336
2020. november 25.;0.9990338164251208
2020. november 26.;0.9912959381044487
2020. november 27.;1.0165853658536586
2020. november 30.;0.9664107485604606
2020. december 1.;0.9990069513406157
2020. december 2.;1.0119284294234592
2020. december 3.;0.9724950884086444
2020. december 4.;1.018181818181818
2020. december 7.;0.9930555555555556
2020. december 8.;0.998001998001998
2020. december 9.;1.034034034034034
2020. december 10.;1.0193610842207164
2020. december 11.;1.0161443494776827
2020. december 14.;1.030841121495327
2020. december 15.;0.9891205802357208
2020. december 16.;0.995417048579285
2020. december 17.;1.0
2020. december 18.;0.9760589318600368
2020. december 21.;0.9716981132075472
2020. december 22.;1.0194174757281553
2020. december 23.;1.019047619047619
2020. december 28.;1.0252336448598132
2020. december 29.;0.9972652689152234
2020. december 30.;1.0009140767824498
2021. január 4.;1.012785388127854
2021. január 5.;1.000901713255185
2021. január 6.;1.0486486486486486
2021. január 7.;1.0420962199312716
2021. január 8.;1.0082440230832646
2021. január 11.;0.9991823385118561
2021. január 12.;0.9869067103109657
2021. január 13.;1.0033167495854063
2021. január 14.;0.9975206611570248
2021. január 15.;0.9751449875724938
2021. január 18.;1.0110450297366185
2021. január 19.;0.9781512605042016
2021. január 20.;0.988831615120275
2021. január 21.;0.9956559513466551
2021. január 22.;0.9764397905759162
2021. január 25.;0.9928507596067918
2021. január 26.;1.008100810081008
2021. január 27.;0.9857142857142858
2021. január 28.;1.0172101449275361
2021. január 29.;0.9884238646482636
2021. február 1.;1.0
2021. február 2.;1.0135135135135136
2021. február 3.;0.9911111111111112
2021. február 4.;1.0134529147982063
2021. február 5.;1.0
2021. február 8.;1.0079646017699115
2021. február 9.;1.0237050043898157
2021. február 10.;0.9819897084048027
2021. február 11.;0.9676855895196507
2021. február 12.;1.0081227436823104
2021. február 15.;1.0098478066248882
2021. február 16.;1.0150709219858156
2021. február 17.;0.9781659388646288
2021. február 18.;1.0
2021. február 19.;0.99375
2021. február 22.;0.977538185085355
2021. február 23.;0.9880514705882353
2021. február 24.;1.0055813953488373
2021. február 25.;1.0166512488436632
2021. február 26.;0.9808917197452229
2021. március 1.;1.0528756957328387
2021. március 2.;1.0008810572687226
2021. március 3.;0.9727112676056338
2021. március 4.;0.9782805429864253
2021. március 5.;1.0222016651248844
2021. március 8.;1.029864253393665
2021. március 9.;0.9797891036906854
2021. március 10.;0.9919282511210762
2021. március 11.;1.0009041591320071
2021. március 12.;1.002710027100271
2021. március 16.;0.9873873873873874
2021. március 17.;0.9817518248175182
2021. március 18.;1.0223048327137547
2021. március 19.;0.9818181818181818
2021. március 22.;0.9935185185185185
2021. március 23.;0.9888164026095061
2021. március 24.;1.0292177191328935
2021. március 25.;1.0073260073260073
2021. március 26.;1.01
2021. március 29.;1.0171017101710171
2021. március 30.;1.0061946902654868
2021. március 31.;0.9832893579595426
2021. április 1.;0.9525939177101967
2021. április 6.;1.015962441314554
2021. április 7.;1.0036968576709797
2021. április 8.;0.9898710865561694
2021. április 9.;0.998139534883721
2021. április 12.;0.9897483690587139
2021. április 13.;0.9792843691148776
2021. április 14.;0.9836538461538461
2021. április 15.;1.0117302052785924
2021. április 16.;1.0009661835748793
2021. április 19.;0.9797297297297297
2021. április 20.;1.006896551724138
2021. április 21.;1.0009784735812133
2021. április 22.;1.0
2021. április 23.;0.989247311827957
2021. április 26.;1.017786561264822
2021. április 27.;0.9980582524271845
2021. április 28.;1.0233463035019454
2021. április 29.;1.0038022813688212
2021. április 30.;0.9801136363636364
2021. május 3.;0.9980676328502416
2021. május 4.;1.0358180058083253
2021. május 5.;1.0093457943925233
2021. május 6.;0.9972222222222222
2021. május 7.;1.020427112349118
2021. május 10.;1.0209281164695176
2021. május 11.;0.983957219251337
2021. május 12.;0.9963768115942029
2021. május 13.;1.0272727272727273
2021. május 14.;1.0106194690265486
2021. május 17.;0.9973730297723292
2021. május 18.;1.0
2021. május 19.;0.9877085162423178
2021. május 20.;1.016
2021. május 21.;0.994750656167979
2021. május 25.;0.9912049252418645
2021. május 26.;1.0070984915705412
2021. május 27.;0.9973568281938326
2021. május 28.;1.0132508833922262
2021. május 31.;1.0069747166521361
2021. június 1.;1.0086580086580086
2021. június 2.;1.0214592274678111
2021. június 3.;1.0058823529411764
2021. június 4.;1.0108604845446951
2021. június 7.;0.987603305785124
2021. június 8.;0.999163179916318
2021. június 9.;1.001675041876047
2021. június 10.;0.9983277591973244
2021. június 11.;1.0209380234505863
2021. június 14.;0.9950779327317474
2021. június 15.;1.0074196207749382
2021. június 16.;0.9877250409165302
2021. június 17.;0.9917149958574979
2021. június 18.;0.9690893901420217
2021. június 21.;1.0086206896551724
2021. június 22.;1.0162393162393162
2021. június 23.;1.0109335576114382
2021. június 24.;0.9983361064891847
2021. június 25.;0.9991666666666666
2021. június 28.;1.0008340283569641
2021. június 29.;0.99
2021. június 30.;0.9924242424242424
2021. július 1.;1.006785411365564
2021. július 2.;1.0025273799494523
2021. július 5.;0.9991596638655462
2021. július 6.;1.0084104289318756
2021. július 7.;1.0016680567139282
2021. július 8.;0.9858451290591174
2021. július 9.;1.004222972972973
2021. július 12.;0.9941126997476871
2021. július 13.;1.0219966159052454
2021. július 14.;0.9942052980132451
2021. július 15.;0.9950041631973355
2021. július 16.;1.001673640167364
2021. július 19.;0.9615705931495405
2021. július 20.;1.002606429192007
2021. július 21.;1.0207972270363952
2021. július 22.;1.0135823429541595
2021. július 23.;0.992462311557789
2021. július 26.;0.9907172995780591
2021. július 27.;0.995741056218058
2021. július 28.;1.0205303678357571
2021. július 29.;0.9991617770326907
2021. július 30.;1.0109060402684564
2021. augusztus 2.;0.9975103734439834
2021. augusztus 3.;1.0074875207986689
2021. augusztus 4.;1.028075970272502
2021. augusztus 5.;1.0
2021. augusztus 6.;1.015261044176707
2021. augusztus 9.;0.9881329113924051
2021. augusztus 10.;0.9615692554043235
2021. augusztus 11.;1.0183180682764363
2021. augusztus 12.;0.9934587080948487
2021. augusztus 13.;1.0
2021. augusztus 16.;0.9835390946502057
2021. augusztus 17.;1.010041841004184
2021. augusztus 18.;0.9975144987572494
2021. augusztus 19.;0.9808970099667774
2021. augusztus 23.;1.0186282811176968
2021. augusztus 24.;0.9975062344139651
2021. augusztus 25.;1.0025
2021. augusztus 26.;0.9858686616791354
2021. augusztus 27.;1.0109612141652613
2021. augusztus 30.;1.0091743119266054
2021. augusztus 31.;1.0016528925619834
2021. szeptember 1.;1.0
2021. szeptember 2.;0.9942244224422442
2021. szeptember 3.;1.004149377593361
2021. szeptember 6.;0.9958677685950413
2021. szeptember 7.;0.995850622406639
2021. szeptember 8.;1.0033333333333334
2021. szeptember 9.;0.9966777408637874
2021. szeptember 10.;1.0
2021. szeptember 13.;0.9991666666666666
2021. szeptember 14.;0.9991659716430359
2021. szeptember 15.;1.020033388981636
2021. szeptember 16.;0.997545008183306
2021. szeptember 17.;0.9991796554552912
2021. szeptember 20.;0.9761904761904762
2021. szeptember 21.;0.9941126997476871
2021. szeptember 22.;1.0194585448392555
2021. szeptember 23.;1.0149377593360995
2021. szeptember 24.;1.0057236304170074
2021. szeptember 27.;1.0008130081300812
2021. szeptember 28.;1.0056864337936637
2021. szeptember 29.;1.0250403877221326
2021. szeptember 30.;1.0181245074862095
2021. október 1.;1.0038699690402477
2021. október 4.;1.0046260601387818
2021. október 5.;1.0207214121258634
2021. október 6.;1.0105263157894737
2021. október 7.;0.9970238095238095
2021. október 8.;1.001492537313433
2021. október 11.;1.0089418777943369
2021. október 12.;1.0118168389955686
2021. október 13.;0.9832116788321168
2021. október 14.;1.0274684484038605
2021. október 15.;0.9891618497109826
2021. október 18.;0.9934258582907232
2021. október 19.;1.0029411764705882
2021. október 20.;0.9970674486803519
2021. október 21.;1.0147058823529411
2021. október 22.;1.0036231884057971
2021. október 25.;0.992057761732852
2021. október 26.;0.9992721979621543
2021. október 27.;0.9941733430444283
2021. október 28.;0.9721611721611721
2021. október 29.;1.0022607385079125
2021. november 2.;1.006015037593985
2021. november 3.;1.0201793721973094
2021. november 4.;1.0234432234432234
2021. november 5.;0.9863994273443092
2021. november 8.;0.9796806966618288
2021. november 9.;1.008888888888889
2021. november 10.;0.9831130690161527
2021. november 11.;0.9522031366691561
2021. november 12.;0.967843137254902
2021. november 15.;1.019448946515397
2021. november 16.;0.994435612082671
2021. november 17.;1.0023980815347722
2021. november 18.;1.003987240829346
2021. november 19.;0.9674344718030182
2021. november 22.;0.9975369458128078
2021. november 23.;1.0477366255144034
2021. november 24.;0.9968578161822467
2021. november 25.;0.9747832939322301
2021. november 26.;0.9902991107518189
2021. november 29.;0.9959183673469387
2021. november 30.;0.9901639344262295
2021. december 1.;1.0124172185430464
2021. december 2.;0.9950940310711366
2021. december 3.;0.990139687756779
2021. december 6.;1.0099585062240664
2021. december 7.;1.009038619556286
2021. december 8.;0.999185667752443
2021. december 9.;1.0008149959250203
2021. december 10.;0.995928338762215
2021. december 13.;0.9901880621422731
2021. december 14.;1.0033030553261768
2021. december 15.;0.9958847736625515
2021. december 16.;1.0082644628099173
2021. december 17.;1.0040983606557377
2021. december 20.;0.9951020408163266
2021. december 21.;1.0008203445447088
2021. december 22.;1.0122950819672132
2021. december 23.;1.0
2021. december 27.;0.9935222672064777
2021. december 28.;0.9942950285248574
2021. december 29.;1.0245901639344261
2021. december 30.;1.008
2022. január 3.;1.0253968253968253
2022. január 4.;1.0061919504643964
2022. január 5.;1.006923076923077
2022. január 6.;0.9969442322383499
2022. január 7.;0.9961685823754789
2022. január 10.;1.0138461538461538
2022. január 11.;1.0045523520485584
2022. január 12.;1.0158610271903323
2022. január 13.;0.9985130111524163
2022. január 14.;0.9873417721518988
2022. január 17.;1.0060331825037707
2022. január 18.;0.9835082458770614
2022. január 19.;1.013719512195122
2022. január 20.;0.9969924812030075
2022. január 21.;1.0120663650075414
2022. január 24.;0.9761549925484352
2022. január 25.;1.015267175572519
2022. január 26.;1.0037593984962405
2022. január 27.;1.0299625468164795
2022. január 28.;0.992
2022. január 31.;1.0080645161290323
2022. február 1.;0.9818181818181818
2022. február 2.;1.0037037037037038
2022. február 3.;0.9896678966789668
2022. február 4.;0.9985085756897838
2022. február 7.;0.9940253920836445
2022. február 8.;1.018031555221638
2022. február 9.;0.9970479704797048
2022. február 10.;0.9881569207994079
2022. február 11.;1.0
2022. február 14.;0.9917602996254682
2022. február 15.;1.0
2022. február 16.;1.005287009063444
2022. február 17.;0.9962434259954921
2022. február 18.;0.9856711915535445
2022. február 21.;0.9785768936495792
2022. február 22.;1.001563721657545
2022. február 23.;0.9843871975019516
2022. február 24.;0.9278350515463918
2022. február 25.;1.0512820512820513
2022. február 28.;1.0528455284552845
2022. március 1.;0.9436293436293436
2022. március 2.;1.0016366612111294
2022. március 3.;1.0212418300653594
2022. március 4.;1.0048
2022. március 7.;1.036624203821656
2022. március 8.;1.0138248847926268
2022. március 9.;1.0015151515151515
2022. március 10.;0.9659606656580938
2022. március 11.;1.0140955364134692
2022. március 16.;1.0193050193050193
2022. március 17.;1.0022727272727272
2022. március 18.;0.9674981103552532
2022. március 21.;1.02890625
2022. március 22.;1.006074411541382
2022. március 23.;1.0566037735849056
2022. március 24.;0.9964285714285714
2022. március 25.;1.007168458781362
2022. március 28.;0.9971530249110321
2022. március 29.;1.0328336902212705
2022. március 30.;1.0193503800967518
2022. március 31.;0.9932203389830508
2022. április 1.;0.9924914675767919
2022. április 4.;1.0110041265474552
2022. április 5.;0.9693877551020408
2022. április 6.;0.9628070175438597
2022. április 7.;1.0021865889212829
2022. április 8.;1.0123636363636364
2022. április 11.;1.0057471264367817
2022. április 12.;1.0
2022. április 13.;1.0314285714285714
2022. április 14.;1.0387811634349031
2022. április 19.;1.024
2022. április 20.;1.02734375
2022. április 21.;0.9835234474017744
2022. április 22.;0.9858247422680413
2022. április 25.;0.9836601307189542
2022. április 26.;0.9966777408637874
2022. április 27.;0.9933333333333333
2022. április 28.;1.0302013422818792
2022. április 29.;0.9960912052117263
2022. május 2.;0.9516023544800524
2022. május 3.;1.0419243986254296
2022. május 4.;0.9986807387862797
2022. május 5.;0.987450462351387
2022. május 6.;0.9792642140468227
2022. május 9.;0.9829234972677595
2022. május 10.;0.9624739402362752
2022. május 11.;1.007942238267148
2022. május 12.;0.9813753581661891
2022. május 13.;1.032116788321168
2022. május 16.;0.9900990099009901
2022. május 17.;1.0121428571428572
2022. május 18.;1.0127028934368383
2022. május 19.;0.9463414634146341
2022. május 20.;0.9941089837997055
2022. május 23.;1.0525925925925925
2022. május 24.;1.0105559465165377
2022. május 25.;0.9596100278551533
2022. május 26.;0.9085631349782293
2022. május 27.;1.0223642172523961
2022. május 30.;0.9828125
2022. május 31.;1.0564387917329094
2022. június 1.;1.0421369450714824
2022. június 2.;1.0101083032490974
2022. június 3.;1.0157255182273053
2022. június 7.;0.9845179451090781
2022. június 8.;1.0014295925661187
2022. június 9.;0.9800142755174875
2022. június 10.;0.9694100509832484
2022. június 13.;0.9849737039819685
2022. június 14.;1.0655987795575896
2022. június 15.;1.0379384395132427
2022. június 16.;1.0
2022. június 17.;0.9972413793103448
2022. június 20.;1.0027662517289073
2022. június 21.;1.0448275862068965
2022. június 22.;0.9617161716171617
2022. június 23.;1.005490734385724
2022. június 24.;0.9986348122866894
2022. június 27.;0.9952153110047847
2022. június 28.;1.0274725274725274
2022. június 29.;0.9926470588235294
2022. június 30.;0.9824915824915825
2022. július 1.;0.997943797121316
2022. július 4.;1.0130494505494505
2022. július 5.;0.9938983050847457
2022. július 6.;0.9897680763983628
2022. július 7.;0.9951757408683667
2022. július 8.;1.0090027700831026
2022. július 11.;0.9855868222374743
2022. július 12.;0.9909470752089137
2022. július 13.;0.9971890372452565
2022. július 14.;1.02184637068358
2022. július 15.;1.0151724137931035
2022. július 18.;1.0258152173913044
2022. július 19.;1.0072847682119206
2022. július 20.;0.9151873767258383
2022. július 21.;1.0373563218390804
2022. július 22.;1.0138504155124655
2022. július 25.;0.9699453551912568
2022. július 26.;0.9838028169014085
2022. július 27.;1.0128847530422334
2022. július 28.;1.017667844522968
2022. július 29.;1.0090277777777779
2022. augusztus 1.;1.001376462491397
2022. augusztus 2.;0.9924398625429554
2022. augusztus 3.;1.0166204986149585
2022. augusztus 4.;1.021798365122616
2022. augusztus 5.;0.9666666666666667
2022. augusztus 8.;1.0124137931034483
2022. augusztus 9.;0.9584468664850136
2022. augusztus 10.;1.0476190476190477
2022. augusztus 11.;1.002035278154681
2022. augusztus 12.;0.976980365605958
2022. augusztus 15.;1.0
2022. augusztus 16.;1.0103950103950103
2022. augusztus 17.;0.9814814814814815
2022. augusztus 18.;0.9818308874912649
2022. augusztus 19.;1.008540925266904
2022. augusztus 22.;0.9894142554693014
2022. augusztus 23.;0.9992867332382311
2022. augusztus 24.;0.9992862241256245
2022. augusztus 25.;1.0114285714285713
2022. augusztus 26.;0.9915254237288136
2022. augusztus 29.;0.9829059829059829
2022. augusztus 30.;1.01231884057971
2022. augusztus 31.;0.984251968503937
2022. szeptember 1.;0.9905454545454545
2022. szeptember 2.;1.0110132158590308
2022. szeptember 5.;0.9782135076252724
2022. szeptember 6.;1.0022271714922049
2022. szeptember 7.;0.9940740740740741
2022. szeptember 8.;0.9932935916542474
2022. szeptember 9.;0.9939984996249063
2022. szeptember 12.;1.0
2022. szeptember 13.;1.0135849056603774
2022. szeptember 14.;0.9970215934475056
2022. szeptember 15.;0.970873786407767
2022. szeptember 16.;0.9676923076923077
2022. szeptember 19.;1.0
2022. szeptember 20.;0.9936406995230525
2022. szeptember 21.;1.0
2022. szeptember 22.;0.9904
2022. szeptember 23.;0.9733441033925686
2022. szeptember 26.;1.0074688796680498
2022. szeptember 27.;0.9950576606260296
2022. szeptember 28.;0.9793046357615894
2022. szeptember 29.;0.9830938292476754
2022. szeptember 30.;1.0343938091143594
2022. október 3.;1.0249376558603491
2022. október 4.;1.0640713706407137
2022. október 5.;1.0091463414634145
2022. október 6.;0.9977341389728097
2022. október 7.;0.9727479182437547
2022. október 10.;0.9610894941634242
2022. október 11.;0.9935222672064777
2022. október 12.;0.993480032599837
2022. október 13.;0.985233798195242
2022. október 14.;1.0199833472106579
2022. október 17.;1.003265306122449
2022. október 18.;1.0040683482506103
2022. október 19.;0.986223662884927
2022. október 20.;1.0016433853738702
2022. október 21.;1.003281378178835
2022. október 24.;1.0016353229762878
2022. október 25.;1.0081632653061225
2022. október 26.;0.9975708502024292
2022. október 27.;1.0064935064935066
2022. október 28.;1.0016129032258065
2022. november 2.;1.0
2022. november 3.;1.039452495974235
2022. november 4.;1.0201394268009296
2022. november 7.;1.0212604403948367
2022. november 8.;0.9769516728624535
2022. november 9.;1.0091324200913243
2022. november 10.;0.9894419306184012
2022. november 11.;0.9992378048780488
2022. november 14.;1.0083905415713197
2022. november 15.;0.9901664145234493
2022. november 16.;0.9954163483575248
2022. november 17.;1.017651573292402
2022. november 18.;1.0105580693815988
2022. november 21.;1.0067164179104477
2022. november 22.;1.0266864343958488
2022. november 23.;0.9891696750902527
2022. november 24.;1.008029197080292
2022. november 25.;1.002172338884866
2022. november 28.;0.9826589595375722
2022. november 29.;1.025735294117647
2022. november 30.;1.010752688172043
2022. december 1.;1.0056737588652482
2022. december 2.;1.002820874471086
2022. december 5.;0.9704641350210971
2022. december 6.;1.021014492753623
2022. december 7.;0.9744499645138396
2022. december 8.;0.9461034231609614
2022. december 9.;1.0007698229407236
2022. december 12.;0.9923076923076923
2022. december 13.;1.0108527131782945
2022. december 14.;1.013036809815951
2022. december 15.;0.9871309613928841
2022. december 16.;1.0030674846625767
2022. december 19.;1.010703363914373
2022. december 20.;1.0015128593040847
2022. december 21.;0.9939577039274925
2022. december 22.;1.0030395136778116
2022. december 23.;1.0
2022. december 27.;0.996969696969697
2022. december 28.;0.993920972644377
2022. december 29.;1.0053516819571866
2022. december 30.;0.9893536121673003
2023. január 2.;1.0023059185242122
2023. január 3.;1.0161042944785277
2023. január 4.;0.9856603773584905
2023. január 5.;1.0022970903522206
2023. január 6.;1.0114591291061878
2023. január 9.;1.0113293051359518
2023. január 10.;1.0007468259895445
2023. január 11.;1.0082089552238807
2023. január 12.;0.9955588452997779
2023. január 13.;0.9992565055762082
2023. január 16.;1.0074404761904763
2023. január 17.;0.9918759231905465
2023. január 18.;1.0007446016381236
2023. január 19.;1.0044642857142858
2023. január 20.;0.9962962962962963
2023. január 23.;0.9947955390334573
2023. január 24.;0.9932735426008968
2023. január 25.;1.0045146726862302
2023. január 26.;1.0292134831460673
2023. január 27.;1.014556040756914
2023. január 30.;0.9691535150645624
2023. január 31.;0.9925980754996299
2023. február 1.;1.0104399701715139
2023. február 2.;1.014760147601476
2023. február 3.;0.9963636363636363
2023. február 6.;0.9788321167883212
2023. február 7.;1.0201342281879195
2023. február 8.;1.0095029239766082
2023. február 9.;1.000724112961622
2023. február 10.;1.0115774240231548
2023. február 13.;1.0085836909871244
2023. február 14.;0.9943262411347518
2023. február 15.;0.9971469329529244
2023. február 16.;0.9985693848354793
2023. február 17.;0.9842406876790831
2023. február 20.;0.982532751091703
2023. február 21.;1.0081481481481482
2023. február 22.;0.9933872152828802
2023. február 23.;1.0273668639053255
2023. február 24.;1.0
2023. február 27.;1.0035997120230382
2023. február 28.;0.9763271162123386
2023. március 1.;0.997060984570169
2023. március 2.;0.9845246868091379
2023. március 3.;0.9962574850299402
2023. március 6.;1.010518407212622
2023. március 7.;0.979182156133829
2023. március 8.;0.9946848899012908
2023. március 9.;0.9847328244274809
2023. március 10.;0.993798449612403
2023. március 13.;0.9898595943837754
2023. március 14.;0.9692671394799054
2023. március 16.;0.9747967479674797
2023. március 17.;1.0083402835696413
2023. március 20.;1.0339123242349049
2023. március 21.;1.0
2023. március 22.;0.984
2023. március 23.;1.034959349593496
2023. március 24.;0.9717203456402199
2023. március 27.;1.0072756669361358
2023. március 28.;1.0200642054574638
2023. március 29.;1.004720692368214
2023. március 30.;0.9788566953797964
2023. március 31.;1.0256
2023. április 3.;1.0148205928237128
2023. április 4.;1.029208301306687
2023. április 5.;1.0097087378640777
2023. április 6.;1.003698224852071
2023. április 11.;0.9985261606484893
2023. április 12.;0.9808118081180812
2023. április 13.;0.9826937547027841
2023. április 14.;1.0329249617151608
2023. április 17.;1.0059303187546331
2023. április 18.;1.0
2023. április 19.;0.9837877671333825
2023. április 20.;1.00374531835206
2023. április 21.;1.01044776119403
2023. április 24.;0.9778434268833087
2023. április 25.;0.9879154078549849
2023. április 26.;1.0045871559633028
2023. április 27.;1.0403348554033485
2023. április 28.;1.0029261155815654
2023. május 2.;1.0029175784099198
2023. május 3.;1.0203636363636364
2023. május 4.;0.9978617248752673
2023. május 5.;0.9928571428571429
2023. május 8.;0.9949640287769784
2023. május 9.;1.0108459869848156
2023. május 10.;1.0028612303290414
2023. május 11.;0.9864479315263909
2023. május 12.;0.9934924078091106
2023. május 15.;0.9978165938864629
2023. május 16.;1.0051057622173596
2023. május 17.;1.0101596516690856
2023. május 18.;1.0086206896551724
2023. május 19.;0.9907407407407407
2023. május 22.;1.0071890726096333
2023. május 23.;0.9914346895074947
2023. május 24.;0.9978401727861771
2023. május 25.;1.020923520923521
2023. május 26.;1.012720848056537
2023. május 30.;0.9895324494068388
2023. május 31.;0.9943582510578279
2023. június 1.;1.00354609929078
2023. június 2.;1.0268551236749117
2023. június 5.;1.017205781142464
2023. június 6.;1.0054127198917455
2023. június 7.;1.0047106325706594
2023. június 8.;1.0080375083724045
2023. június 9.;0.9966777408637874
2023. június 12.;1.0133333333333334
2023. június 13.;1.0
2023. június 14.;0.9868421052631579
2023. június 15.;0.992
2023. június 16.;0.9946236559139785
2023. június 19.;0.9986486486486487
2023. június 20.;1.0121786197564275
2023. június 21.;1.0033422459893049
2023. június 22.;0.9980013324450366
2023. június 23.;1.0073431241655542
2023. június 26.;0.9893969516235918
2023. június 27.;0.9886135298057602
2023. június 28.;1.0115176151761518
2023. június 29.;1.0040187541862022
2023. június 30.;0.9966644429619747
2023. július 3.;1.0033467202141901
2023. július 4.;1.0020013342228151
2023. július 5.;1.0119840213049267
2023. július 6.;0.9888157894736842
2023. július 7.;0.9993346640053227
2023. július 10.;1.0
2023. július 11.;1.007323568575233
2023. július 12.;1.0152015862524786
2023. július 13.;1.0026041666666667
2023. július 14.;1.0051948051948052
2023. július 17.;1.0077519379844961
2023. július 18.;1.0064102564102564
2023. július 19.;1.015923566878981
2023. július 20.;0.8996865203761756
2023. július 21.;1.0034843205574913
2023. július 24.;0.9777777777777777
2023. július 25.;1.0063920454545454
2023. július 26.;0.9901199717713479
2023. július 27.;0.9857448325017819
2023. július 28.;1.0043383947939262
2023. július 31.;1.0007199424046076
2023. augusztus 1.;1.0043165467625899
2023. augusztus 2.;1.004297994269341
2023. augusztus 3.;0.9914407988587732
2023. augusztus 4.;0.9848920863309353
2023. augusztus 7.;0.9897735573411249
2023. augusztus 8.;0.9800738007380074
2023. augusztus 9.;1.0158132530120483
2023. augusztus 10.;0.9933283914010378
2023. augusztus 11.;0.996268656716418
2023. augusztus 14.;1.0082397003745318
2023. augusztus 15.;0.9910846953937593
2023. augusztus 16.;0.9977511244377811
2023. augusztus 17.;1.0127723516153269
2023. augusztus 18.;0.983679525222552
2023. augusztus 21.;1.0211161387631975
2023. augusztus 22.;0.9963072378138847
2023. augusztus 23.;1.0133432171979244
2023. augusztus 24.;1.003657644476957
2023. augusztus 25.;1.000728862973761
2023. augusztus 28.;0.9912600145666424
2023. augusztus 29.;1.002939015429831
2023. augusztus 30.;0.9824175824175824
2023. augusztus 31.;0.9925428784489188
2023. szeptember 1.;1.0
2023. szeptember 4.;1.0022539444027048
2023. szeptember 5.;1.012743628185907
2023. szeptember 6.;0.9844559585492227
